Ground truth crypt number ,Area,Perim.,Major,Minor,Angl,Circ.,Median,AR,Round,Soliditye,,,,,,,,,,,,,,
2,185643,1638.528,517.48,456.768,156.914,0.869,255,1.133,0.883,0.995,,,,,,,,,,,,,,
2,201501,1692.185,515.257,497.925,95.455,0.884,255,1.035,0.966,0.996,,,,,,,,,,,,,,
2,235622,1837.079,570.749,525.631,104.94,0.877,255,1.086,0.921,0.996,,,,,,,,,,,,,,
2,198040,1685.156,529.241,476.442,9.769,0.876,255,1.111,0.9,0.996,,,,,,,,,,,,,,
2,224170,1788.026,546.431,522.339,15.332,0.881,255,1.046,0.956,0.996,,,,,,,,,,,,,,
2,239278,1843.481,563.411,540.739,2.743,0.885,255,1.042,0.96,0.996,,,,,,,,,,,,,,
2,202920,1697.138,521.473,495.454,146.269,0.885,255,1.053,0.95,0.996,,,,,,,,,,,,,,
2,199698,1683.558,537.686,472.885,157.714,0.885,255,1.137,0.879,0.996,,,,,,,,,,,,,,
2,210132,1730.996,537.399,497.858,32.701,0.881,255,1.079,0.926,0.996,,,,,,,,,,,,,,
2,227739,1803.624,545.062,531.988,70.887,0.88,255,1.025,0.976,0.996,,,,,,,,,,,,,,
2,159580,1512.303,473.711,428.919,21.209,0.877,255,1.104,0.905,0.995,,,,,,,,,,,,,,
2,178638,1600.972,509.657,446.278,63.934,0.876,255,1.142,0.876,0.995,,,,,,,,,,,,,,
2,188181,1639.942,536.582,446.529,38.55,0.879,255,1.202,0.832,0.996,,,,,,,,,,,,,,
2,183072,1618.185,521.915,446.614,22.444,0.879,255,1.169,0.856,0.996,,,,,,,,,,,,,,
2,188530,1654.653,550.694,435.893,31.814,0.865,255,1.263,0.792,0.995,,,,,,,,,,,,,,
2,206235,1718.653,564.161,465.446,27.587,0.877,255,1.212,0.825,0.995,,,,,,,,,,,,,,
2,164330,1539.031,511.447,409.097,9.426,0.872,255,1.25,0.8,0.995,,,,,,,,,,,,,,
2,171021,1570.729,518.306,420.12,4.641,0.871,255,1.234,0.811,0.995,,,,,,,,,,,,,,
2,183831,1628.712,537.412,435.533,26.648,0.871,255,1.234,0.81,0.995,,,,,,,,,,,,,,
2,193443,1667.582,545.186,451.771,33.174,0.874,255,1.207,0.829,0.995,,,,,,,,,,,,,,
2,143852,1467.031,510.937,358.475,136.721,0.84,255,1.425,0.702,0.995,,,,,,,,,,,,,,
2,166785,1551.675,501.107,423.776,142.39,0.87,255,1.182,0.846,0.995,,,,,,,,,,,,,,
2,175269,1623.055,572.685,389.672,119.657,0.836,255,1.47,0.68,0.995,,,,,,,,,,,,,,
2,134482,1411.048,492.506,347.667,120.548,0.849,255,1.417,0.706,0.994,,,,,,,,,,,,,,
2,156556,1530.219,529.755,376.274,112.263,0.84,255,1.408,0.71,0.995,,,,,,,,,,,,,,
2,167700,1582.646,553.839,385.531,112.207,0.841,255,1.437,0.696,0.995,,,,,,,,,,,,,,
2,149764,1496.362,520.61,366.273,108.646,0.841,255,1.421,0.704,0.995,,,,,,,,,,,,,,
2,145923,1472.538,501.388,370.561,105.188,0.846,255,1.353,0.739,0.995,,,,,,,,,,,,,,
2,143515,1459.09,508.129,359.611,106.854,0.847,255,1.413,0.708,0.995,,,,,,,,,,,,,,
2,170882,1588.83,544.158,399.836,108.154,0.851,255,1.361,0.735,0.995,,,,,,,,,,,,,,
2,123233,1389.7,521.193,301.05,138.725,0.802,255,1.731,0.578,0.994,,,,,,,,,,,,,,
2,139203,1452.403,513.347,345.261,145.499,0.829,255,1.487,0.673,0.995,,,,,,,,,,,,,,
2,170853,1607.197,574.785,378.467,119.639,0.831,255,1.519,0.658,0.995,,,,,,,,,,,,,,
2,138707,1427.374,491.798,359.105,126.754,0.856,255,1.37,0.73,0.995,,,,,,,,,,,,,,
2,155188,1514.261,527.2,374.794,116.099,0.85,255,1.407,0.711,0.995,,,,,,,,,,,,,,
2,149001,1520.403,558.859,339.467,114.499,0.81,255,1.646,0.607,0.995,,,,,,,,,,,,,,
2,142166,1464.563,520.676,347.647,110.67,0.833,255,1.498,0.668,0.995,,,,,,,,,,,,,,
2,130496,1418.521,508.266,326.901,112.972,0.815,255,1.555,0.643,0.994,,,,,,,,,,,,,,
2,148413,1472.362,503.9,375.005,103.354,0.86,255,1.344,0.744,0.995,,,,,,,,,,,,,,
2,164747,1564.487,544.88,384.97,109.51,0.846,255,1.415,0.707,0.995,,,,,,,,,,,,,,
2,118593,1369.214,520.63,290.028,137.604,0.795,255,1.795,0.557,0.994,,,,,,,,,,,,,,
2,132946,1426.83,513.645,329.551,139.055,0.821,255,1.559,0.642,0.994,,,,,,,,,,,,,,
2,150841,1543.28,580.219,331.007,123.168,0.796,255,1.753,0.57,0.995,,,,,,,,,,,,,,
2,120146,1360.219,493.32,310.092,120.001,0.816,255,1.591,0.629,0.994,,,,,,,,,,,,,,
2,139401,1464.889,533.945,332.414,117.556,0.816,255,1.606,0.623,0.994,,,,,,,,,,,,,,
2,157002,1542.386,553.131,361.399,117.798,0.829,255,1.531,0.653,0.995,,,,,,,,,,,,,,
2,132327,1434.504,521.884,322.838,112.143,0.808,255,1.617,0.619,0.994,,,,,,,,,,,,,,
2,122885,1388.153,508.367,307.774,108.16,0.801,255,1.652,0.605,0.994,,,,,,,,,,,,,,
2,119467,1378.923,515.451,295.101,105.286,0.79,255,1.747,0.573,0.994,,,,,,,,,,,,,,
2,141099,1492.563,551.937,325.495,106.774,0.796,255,1.696,0.59,0.995,,,,,,,,,,,,,,
2,109534,1345.013,522.432,266.95,135.689,0.761,255,1.957,0.511,0.993,,,,,,,,,,,,,,
2,130527,1418.746,512.853,324.054,144.273,0.815,255,1.583,0.632,0.994,,,,,,,,,,,,,,
2,151444,1546.369,576.647,334.389,120.371,0.796,255,1.724,0.58,0.995,,,,,,,,,,,,,,
2,109178,1319.634,497.461,279.439,121.315,0.788,255,1.78,0.562,0.994,,,,,,,,,,,,,,
2,126754,1432.403,538.298,299.812,116.229,0.776,255,1.795,0.557,0.994,,,,,,,,,,,,,,
2,141956,1499.031,558.378,323.695,115.922,0.794,255,1.725,0.58,0.995,,,,,,,,,,,,,,
2,115967,1382.746,529.362,278.928,115.25,0.762,255,1.898,0.527,0.994,,,,,,,,,,,,,,
2,126845,1397.55,505.325,319.604,111.135,0.816,255,1.581,0.632,0.995,,,,,,,,,,,,,,
2,123785,1390.337,510.883,308.501,103.177,0.805,255,1.656,0.604,0.994,,,,,,,,,,,,,,
2,131191,1462.036,553.942,301.543,107.2,0.771,255,1.837,0.544,0.994,,,,,,,,,,,,,,
2,112449,1348.143,518.409,276.18,134.705,0.777,255,1.877,0.533,0.994,,,,,,,,,,,,,,
2,129223,1409.575,509.26,323.08,141.663,0.817,255,1.576,0.634,0.994,,,,,,,,,,,,,,
2,144536,1528.528,578.934,317.876,118.789,0.777,255,1.821,0.549,0.995,,,,,,,,,,,,,,
2,102946,1305.835,497.788,263.315,118.467,0.759,255,1.89,0.529,0.993,,,,,,,,,,,,,,
2,126255,1421.96,536.075,299.87,118.271,0.785,255,1.788,0.559,0.994,,,,,,,,,,,,,,
2,123573,1449.09,564.442,278.75,114.734,0.74,255,2.025,0.494,0.994,,,,,,,,,,,,,,
2,110095,1366.362,530.606,264.184,114.256,0.741,255,2.008,0.498,0.993,,,,,,,,,,,,,,
2,117559,1370.965,508.844,294.158,111.664,0.786,255,1.73,0.578,0.994,,,,,,,,,,,,,,
2,114028,1367.166,512.953,283.038,104.599,0.767,255,1.812,0.552,0.994,,,,,,,,,,,,,,
2,134881,1470.947,551.599,311.342,109.208,0.783,255,1.772,0.564,0.994,,,,,,,,,,,,,,
2,99591,1307.156,525.481,241.309,135.37,0.732,255,2.178,0.459,0.993,,,,,,,,,,,,,,
2,101331,1308.428,523.099,246.643,139.556,0.744,255,2.121,0.472,0.992,,,,,,,,,,,,,,
2,116514,1459.481,593.598,249.917,122.433,0.687,255,2.375,0.421,0.992,,,,,,,,,,,,,,
2,96341,1290.504,502.17,244.27,120.877,0.727,255,2.056,0.486,0.991,,,,,,,,,,,,,,
2,110907,1387.693,541.049,260.995,113.713,0.724,255,2.073,0.482,0.993,,,,,,,,,,,,,,
2,117566,1432.018,566.659,264.162,114.677,0.72,255,2.145,0.466,0.994,,,,,,,,,,,,,,
2,97567,1339.024,539.467,230.276,110.091,0.684,255,2.343,0.427,0.992,,,,,,,,,,,,,,
2,106629,1342.053,510.141,266.131,108.663,0.744,255,1.917,0.522,0.993,,,,,,,,,,,,,,
2,99188,1323.283,522.765,241.581,105.058,0.712,255,2.164,0.462,0.993,,,,,,,,,,,,,,
2,109526,1407.367,565.265,246.704,107.328,0.695,255,2.291,0.436,0.993,,,,,,,,,,,,,,
2,171705,1603.457,524.31,416.97,151.254,0.839,255,1.257,0.795,0.995,,,,,,,,,,,,,,
2,189372,1649.315,507.628,474.986,95.962,0.875,255,1.069,0.936,0.996,,,,,,,,,,,,,,
2,227218,1806.067,585.409,494.189,106.103,0.875,255,1.185,0.844,0.996,,,,,,,,,,,,,,
2,203736,1726.712,566.461,457.939,10.846,0.859,255,1.237,0.808,0.996,,,,,,,,,,,,,,
2,230492,1815.499,565.649,518.823,15.923,0.879,255,1.09,0.917,0.996,,,,,,,,,,,,,,
2,258396,1927.624,598.305,549.887,2.951,0.874,255,1.088,0.919,0.996,,,,,,,,,,,,,,
2,207121,1720.05,541.224,487.256,146.401,0.88,255,1.111,0.9,0.996,,,,,,,,,,,,,,
2,194039,1686.344,566.529,436.091,157.366,0.857,255,1.299,0.77,0.996,,,,,,,,,,,,,,0
2,210281,1732.268,557.316,480.406,31.63,0.881,255,1.16,0.862,0.996,,,,,,,,,,,,,,
2,243657,1866.896,570.272,544.01,70.385,0.879,255,1.048,0.954,0.996,,,,,,,,,,,,,,
2,149641,1475.131,458.15,415.866,169.852,0.864,255,1.102,0.908,0.995,,,,,,,,,,,,,,
2,173470,1580.102,504.44,437.85,80.266,0.873,255,1.152,0.868,0.995,,,,,,,,,,,,,,
2,168886,1568.528,518.07,415.065,45.432,0.863,255,1.248,0.801,0.995,,,,,,,,,,,,,,
2,205128,1719.624,551.699,473.405,18.569,0.872,255,1.165,0.858,0.996,,,,,,,,,,,,,,
2,190436,1674.251,574.481,422.069,35.693,0.854,255,1.361,0.735,0.995,,,,,,,,,,,,,,
2,224665,1803.748,597.251,478.948,30.997,0.868,255,1.247,0.802,0.996,,,,,,,,,,,,,,
2,158129,1525.717,524.143,384.124,2.355,0.854,255,1.365,0.733,0.995,,,,,,,,,,,,,,
2,169295,1571.415,530.169,406.574,177.155,0.862,255,1.304,0.767,0.995,,,,,,,,,,,,,,
2,189137,1666.31,559.348,430.531,29.999,0.856,255,1.299,0.77,0.995,,,,,,,,,,,,,,
2,203546,1719.807,574.837,450.846,42.161,0.865,255,1.275,0.784,0.996,,,,,,,,,,,,,,
2,139260,1475.315,513.611,345.225,134.363,0.804,255,1.488,0.672,0.993,,,,,,,,,,,,,,
2,172142,1588.362,481.175,455.506,170.442,0.857,255,1.056,0.947,0.995,,,,,,,,,,,,,,
2,168221,1639.28,581.015,368.64,119.785,0.787,255,1.576,0.634,0.99,,,,,,,,,,,,,,
2,126160,1378.906,484.868,331.29,123.255,0.834,255,1.464,0.683,0.995,,,,,,,,,,,,,,
2,151004,1522.337,526.751,365,109.832,0.819,255,1.443,0.693,0.994,,,,,,,,,,,,,,
2,172555,1624.018,573.751,382.925,111.466,0.822,255,1.498,0.667,0.995,,,,,,,,,,,,,,
2,151806,1517.592,534.811,361.409,105.634,0.828,255,1.48,0.676,0.995,,,,,,,,,,,,,,
2,140521,1473.786,487.725,366.84,105.894,0.813,255,1.33,0.752,0.993,,,,,,,,,,,,,,
2,131919,1413.291,495.78,338.788,104.786,0.83,255,1.463,0.683,0.994,,,,,,,,,,,,,,
2,184898,1658.386,562.926,418.207,107.991,0.845,255,1.346,0.743,0.995,,,,,,,,,,,,,,
2,107995,1348.327,536.254,256.415,139.501,0.746,255,2.091,0.478,0.99,,,,,,,,,,,,,,
2,126759,1406.278,498.619,323.683,151.898,0.805,255,1.54,0.649,0.994,,,,,,,,,,,,,,
2,170458,1628.067,585.102,370.933,117.739,0.808,255,1.577,0.634,0.994,,,,,,,,,,,,,,
2,142528,1460.285,493.898,367.428,139.15,0.84,255,1.344,0.744,0.995,,,,,,,,,,,,,,
2,159172,1532.947,522.464,387.9,119.23,0.851,255,1.347,0.742,0.995,,,,,,,,,,,,,,
2,143935,1532.989,583.169,314.255,115.76,0.77,255,1.856,0.539,0.994,,,,,,,,,,,,,,
2,145989,1505.19,533.102,348.674,110.101,0.81,255,1.529,0.654,0.995,,,,,,,,,,,,,,
2,117872,1393.55,499.801,300.278,118.926,0.763,255,1.664,0.601,0.992,,,,,,,,,,,,,,
2,150289,1482.746,491.124,389.625,94.981,0.859,255,1.261,0.793,0.995,,,,,,,,,,,,,,
2,182332,1643.984,563.246,412.168,110.629,0.848,255,1.367,0.732,0.995,,,,,,,,,,,,,,
2,108014,1347.055,532.741,258.151,137.914,0.748,255,2.064,0.485,0.993,,,,,,,,,,,,,,
2,124352,1392.545,494.858,319.95,139.409,0.806,255,1.547,0.647,0.992,,,,,,,,,,,,,,
2,141910,1530.92,595.75,303.29,125.535,0.761,255,1.964,0.509,0.991,,,,,,,,,,,,,,
2,115186,1349.291,482.807,303.764,123.777,0.795,255,1.589,0.629,0.993,,,,,,,,,,,,,,
2,136472,1457.817,533.816,325.508,120.288,0.807,255,1.64,0.61,0.995,,,,,,,,,,,,,,
2,169821,1605.499,567.878,380.756,121.907,0.828,255,1.491,0.67,0.995,,,,,,,,,,,,,,
2,134893,1451.918,532.204,322.716,112.289,0.804,255,1.649,0.606,0.994,,,,,,,,,,,,,,
2,112801,1361.484,497.862,288.479,110.862,0.765,255,1.726,0.579,0.992,,,,,,,,,,,,,,
2,103359,1322.455,508.889,258.604,102.014,0.743,255,1.968,0.508,0.993,,,,,,,,,,,,,,
2,143710,1524.764,574.311,318.603,106.104,0.777,255,1.803,0.555,0.995,,,,,,,,,,,,,,
2,98176,1321.156,530.822,235.487,135.343,0.707,255,2.254,0.444,0.987,,,,,,,,,,,,,,
2,128691,1428.119,494.723,331.205,151.447,0.793,255,1.494,0.669,0.994,,,,,,,,,,,,,,
2,154176,1573.825,585.82,335.091,119.775,0.782,255,1.748,0.572,0.994,,,,,,,,,,,,,,
2,101492,1307.332,490.602,263.398,125.331,0.746,255,1.863,0.537,0.983,,,,,,,,,,,,,,
2,121231,1419.19,535.116,288.454,117.77,0.756,255,1.855,0.539,0.994,,,,,,,,,,,,,,
2,151414,1557.7,575.66,334.896,119.255,0.784,255,1.719,0.582,0.994,,,,,,,,,,,,,,
2,110461,1393.315,544.719,258.194,117.127,0.715,255,2.11,0.474,0.993,,,,,,,,,,,,,,
2,129324,1403.994,494.402,333.05,118.584,0.824,255,1.484,0.674,0.995,,,,,,,,,,,,,,
2,120213,1369.71,499.883,306.192,96.737,0.805,255,1.633,0.613,0.995,,,,,,,,,,,,,,
2,133103,1507.935,575.121,294.672,105.983,0.736,255,1.952,0.512,0.991,,,,,,,,,,,,,,
2,112716,1356.244,521.564,275.162,133.708,0.77,255,1.895,0.528,0.994,,,,,,,,,,,,,,
2,134111,1429.935,482.074,354.21,145.865,0.824,255,1.361,0.735,0.994,,,,,,,,,,,,,,
2,151073,1563.214,584.717,328.966,116.697,0.777,255,1.777,0.563,0.995,,,,,,,,,,,,,,
2,97704,1285.935,487.85,254.998,120.541,0.742,255,1.913,0.523,0.989,,,,,,,,,,,,,,
2,128969,1432.83,532.645,308.289,122.465,0.789,255,1.728,0.579,0.994,,,,,,,,,,,,,,
2,122709,1479.332,584.961,267.091,115.784,0.705,255,2.19,0.457,0.992,,,,,,,,,,,,,,
2,107474,1375.817,544.707,251.218,115.892,0.713,255,2.168,0.461,0.992,,,,,,,,,,,,,,
2,119590,1364.479,501.123,303.851,119.831,0.807,255,1.649,0.606,0.994,,,,,,,,,,,,,,
2,109142,1336.597,496.279,280.012,100.098,0.768,255,1.772,0.564,0.993,,,,,,,,,,,,,,
2,150402,1546.83,567.392,337.505,109.74,0.79,255,1.681,0.595,0.995,,,,,,,,,,,,,,
2,95773,1305.984,529.582,230.261,135.55,0.706,255,2.3,0.435,0.989,,,,,,,,,,,,,,
2,91271,1256.83,504.775,230.221,140.424,0.726,255,2.193,0.456,0.986,,,,,,,,,,,,,,
2,104575,1463.364,605.192,220.011,124.306,0.614,255,2.751,0.364,0.963,,,,,,,,,,,,,,
2,93152,1278.303,490.754,241.679,125.881,0.716,255,2.031,0.492,0.978,,,,,,,,,,,,,,
2,108410,1394.58,532.567,259.182,113.604,0.7,255,2.055,0.487,0.987,,,,,,,,,,,,,,
2,120715,1468.646,586.326,262.139,116.218,0.703,255,2.237,0.447,0.993,,,,,,,,,,,,,,
2,91227,1354.396,562.818,206.379,109.152,0.625,255,2.727,0.367,0.98,,,,,,,,,,,,,,
2,105264,1333.668,489.825,273.621,113.601,0.744,255,1.79,0.559,0.986,,,,,,,,,,,,,,
2,89671,1296.857,516.018,221.257,101.696,0.67,255,2.332,0.429,0.991,,,,,,,,,,,,,,
2,107546,1448.195,592.085,231.27,106.632,0.644,255,2.56,0.391,0.991,,,,,,,,,,,,,,
2,125575,1558.712,545.956,292.857,145.093,0.65,255,1.864,0.536,0.953,,,,,,,,,,,,,,
2,168500,1605.374,505.001,424.832,102.599,0.822,255,1.189,0.841,0.982,,,,,,,,,,,,,,
2,200631,1765.499,627.817,406.888,108.013,0.809,255,1.543,0.648,0.996,,,,,,,,,,,,,,
2,213351,1873.239,672.618,403.865,12.24,0.764,255,1.665,0.6,0.996,,,,,,,,,,,,,,
2,251017,1954.026,625.15,511.245,20.058,0.826,255,1.223,0.818,0.993,,,,,,,,,,,,,,
2,312186,2196.535,695.92,571.168,1.855,0.813,255,1.218,0.821,0.995,,,,,,,,,,,,,,
2,217839,1812.986,599.977,462.287,147.345,0.833,255,1.298,0.771,0.994,,,,,,,,,,,,,,
2,163637,1717.273,655.527,317.835,155.667,0.697,255,2.062,0.485,0.991,,,,,,,,,,,,,,
2,213389,1784.878,619.741,438.402,30.805,0.842,255,1.414,0.707,0.994,,,,,,,,,,,,,,
2,292025,2077.079,641.304,579.784,69.043,0.851,255,1.106,0.904,0.996,,,,,,,,,,,,,,
2,120542,1454.369,479.853,319.846,145.985,0.716,255,1.5,0.667,0.95,,,,,,,,,,,,,,
2,157440,1568.847,529.029,378.918,103.902,0.804,255,1.396,0.716,0.993,,,,,,,,,,,,,,
2,116183,1376.161,482.266,306.737,55.519,0.771,255,1.572,0.636,0.993,,,,,,,,,,,,,,
2,278780,2030.768,641.352,553.446,10.577,0.849,255,1.159,0.863,0.996,,,,,,,,,,,,,,
2,192147,1779.714,645.961,378.736,41.034,0.762,255,1.706,0.586,0.986,,,,,,,,,,,,,,
2,278620,2089.905,697.24,508.792,36.631,0.802,255,1.37,0.73,0.987,,,,,,,,,,,,,,
2,134588,1497.651,574.311,298.38,173.54,0.754,255,1.925,0.52,0.993,,,,,,,,,,,,,,
2,170748,1626.729,591.742,367.395,162.816,0.811,255,1.611,0.621,0.995,,,,,,,,,,,,,,
2,201481,1834.234,618.72,414.619,30.597,0.753,255,1.492,0.67,0.961,,,,,,,,,,,,,,
2,225817,1903.111,671.547,428.145,51.229,0.783,255,1.569,0.638,0.988,,,,,,,,,,,,,,
2,120144,1586.611,521.263,293.464,123.619,0.6,255,1.776,0.563,0.919,,,,,,,,,,,,,,
2,180611,1739.641,588.636,390.668,35.324,0.75,255,1.507,0.664,0.976,,,,,,,,,,,,,,
2,143310,1746.685,585.317,311.742,124.082,0.59,255,1.878,0.533,0.882,,,,,,,,,,,,,,
2,101259,1294.965,460.888,279.736,128.207,0.759,255,1.648,0.607,0.978,,,,,,,,,,,,,,
2,131540,1534.07,516.754,324.104,101.263,0.702,255,1.594,0.627,0.951,,,,,,,,,,,,,,
2,188218,1774.077,636.714,376.38,110.107,0.751,255,1.692,0.591,0.993,,,,,,,,,,,,,,
2,156435,1608.237,585.61,340.123,101.723,0.76,255,1.722,0.581,0.983,,,,,,,,,,,,,,
2,115966,1571.526,423.429,348.707,114.442,0.59,255,1.214,0.824,0.874,,,,,,,,,,,,,,
2,103346,1318.438,477.57,275.529,97.577,0.747,255,1.733,0.577,0.972,,,,,,,,,,,,,,
2,227309,1890.168,614.58,470.921,105.514,0.8,255,1.305,0.766,0.996,,,,,,,,,,,,,,
2,60845,1338.629,552.263,140.278,137.903,0.427,255,3.937,0.254,0.805,,,,,,,,,,,,,,
2,86318,1280.933,473.844,231.94,166.65,0.661,255,2.043,0.489,0.957,,,,,,,,,,,,,,
2,165248,1770.31,628.178,334.937,111.38,0.663,255,1.876,0.533,0.952,,,,,,,,,,,,,,
2,144033,1613.641,537.508,341.183,164.727,0.695,255,1.575,0.635,0.989,,,,,,,,,,,,,,
2,168444,1600.989,520.759,411.841,137.126,0.826,255,1.264,0.791,0.995,,,,,,,,,,,,,,
2,124285,1595.256,652.394,242.56,118.116,0.614,255,2.69,0.372,0.979,,,,,,,,,,,,,,
2,158905,1638.202,561.736,360.176,112.5,0.744,255,1.56,0.641,0.976,,,,,,,,,,,,,,
2,71275,1408.32,387.87,233.971,123.081,0.452,255,1.658,0.603,0.775,,,,,,,,,,,,,,
2,149489,1547.398,492.416,386.534,62.013,0.785,255,1.274,0.785,0.983,,,,,,,,,,,,,,
2,239662,1893.021,614.198,496.822,112.723,0.84,255,1.236,0.809,0.996,,,,,,,,,,,,,,
2,72608,1324.996,563.639,164.019,134.998,0.52,255,3.436,0.291,0.922,,,,,,,,,,,,,,
2,100645,1420.337,441.281,290.394,146.396,0.627,255,1.52,0.658,0.913,,,,,,,,,,,,,,
2,114346,1601.329,640.929,227.154,131.849,0.56,255,2.822,0.354,0.916,,,,,,,,,,,,,,
2,100744,1356.077,454.61,282.157,140.027,0.688,255,1.611,0.621,0.936,,,,,,,,,,,,,,
2,126343,1475.717,528.074,304.625,126.313,0.729,255,1.734,0.577,0.97,,,,,,,,,,,,,,
2,208464,1845.582,611.998,433.702,130.552,0.769,255,1.411,0.709,0.995,,,,,,,,,,,,,,
2,143921,1542.688,562.065,326.022,113.266,0.76,255,1.724,0.58,0.994,,,,,,,,,,,,,,
2,78889,1311.401,443.638,226.411,116.432,0.576,255,1.959,0.51,0.887,,,,,,,,,,,,,,
2,58446,1205.176,496.221,149.965,91.333,0.506,255,3.309,0.302,0.874,,,,,,,,,,,,,,
2,148829,1645.45,642.924,294.739,105.268,0.691,255,2.181,0.458,0.994,,,,,,,,,,,,,,
2,61560,1315.415,537.945,145.704,134.035,0.447,255,3.692,0.271,0.838,,,,,,,,,,,,,,
2,119325,1563.675,471.459,322.254,170.527,0.613,255,1.463,0.684,0.917,,,,,,,,,,,,,,
2,156339,1702.636,615.078,323.629,116.933,0.678,255,1.901,0.526,0.967,,,,,,,,,,,,,,
2,78413,1332.42,460.186,216.952,136.492,0.555,255,2.121,0.471,0.833,,,,,,,,,,,,,,
2,103705,1428.764,507.356,260.254,118.633,0.638,255,1.949,0.513,0.944,,,,,,,,,,,,,,
2,185926,1763.038,630.166,375.66,128.818,0.752,255,1.677,0.596,0.985,,,,,,,,,,,,,,
2,91553,1447.381,570.583,204.298,119.576,0.549,255,2.793,0.358,0.904,,,,,,,,,,,,,,
2,130638,1480.58,485.997,342.252,145.182,0.749,255,1.42,0.704,0.987,,,,,,,,,,,,,,
2,104693,1319.509,495.481,269.03,77.9,0.756,255,1.842,0.543,0.991,,,,,,,,,,,,,,
2,138725,1678.161,625.987,282.162,103.036,0.619,255,2.219,0.451,0.939,,,,,,,,,,,,,,
2,110705,1405.658,527.27,267.328,129.918,0.704,255,1.972,0.507,0.99,,,,,,,,,,,,,,
2,139587,1574.989,456.256,389.535,16.353,0.707,255,1.171,0.854,0.965,,,,,,,,,,,,,,
2,167772,1671.332,600.966,355.451,111.423,0.755,255,1.691,0.591,0.99,,,,,,,,,,,,,,
2,80658,1266.362,462.051,222.263,130.554,0.632,255,2.079,0.481,0.916,,,,,,,,,,,,,,
2,134581,1522.428,523.753,327.165,133.843,0.73,255,1.601,0.625,0.986,,,,,,,,,,,,,,
2,117756,1609.357,629.448,238.195,116.769,0.571,255,2.643,0.378,0.96,,,,,,,,,,,,,,
2,96400,1432.812,574.584,213.616,119.627,0.59,255,2.69,0.372,0.948,,,,,,,,,,,,,,
2,116474,1409.349,521.277,284.492,143.193,0.737,255,1.832,0.546,0.984,,,,,,,,,,,,,,
2,88803,1303.911,447.51,252.659,85.446,0.656,255,1.771,0.565,0.958,,,,,,,,,,,,,,
2,201402,1790.553,614.103,417.573,110.445,0.789,255,1.471,0.68,0.995,,,,,,,,,,,,,,
2,83133,1315.214,526.682,200.972,135.508,0.604,255,2.621,0.382,0.96,,,,,,,,,,,,,,
2,62920,1133.81,455.286,175.96,146.639,0.615,255,2.587,0.386,0.932,,,,,,,,,,,,,,
2,61009,1568.376,578.9,134.184,131.045,0.312,255,4.314,0.232,0.631,,,,,,,,,,,,,,
2,88089,1380.026,486.018,230.77,145.289,0.581,255,2.106,0.475,0.926,,,,,,,,,,,,,,
2,98284,1452.479,484.699,258.179,114.552,0.585,255,1.877,0.533,0.897,,,,,,,,,,,,,,
2,128789,1586.227,638.882,256.666,119.721,0.643,255,2.489,0.402,0.975,,,,,,,,,,,,,,
2,69983,1427.894,631.323,141.14,110.627,0.431,255,4.473,0.224,0.855,,,,,,,,,,,,,,
2,89513,1385.006,439.648,259.234,135.482,0.586,255,1.696,0.59,0.92,,,,,,,,,,,,,,
2,61591,1281.904,507.677,154.468,95.067,0.471,255,3.287,0.304,0.867,,,,,,,,,,,,,,
2,96774,1588.58,662.774,185.91,105.461,0.482,255,3.565,0.281,0.919,,,,,,,,,,,,,,
3,143591,1498.403,447.914,408.171,138.007,0.804,255,1.097,0.911,0.989,,,,,,,,,,,,,,
3,142824,1490.889,438.874,414.354,49.84,0.807,255,1.059,0.944,0.98,,,,,,,,,,,,,,
3,169442,1653.942,483.107,446.569,96.982,0.778,255,1.082,0.924,0.98,,,,,,,,,,,,,,
3,137477,1493.533,432.13,405.066,173.881,0.774,255,1.067,0.937,0.981,,,,,,,,,,,,,,
3,148644,1524.646,436.537,433.547,77.68,0.804,255,1.007,0.993,0.989,,,,,,,,,,,,,,
3,170650,1630.285,486.446,446.665,126.512,0.807,255,1.089,0.918,0.992,,,,,,,,,,,,,,
3,133627,1505.717,435.444,390.726,157.075,0.741,255,1.114,0.897,0.958,,,,,,,,,,,,,,
3,143149,1484.161,437.178,416.908,36.106,0.817,255,1.049,0.954,0.991,,,,,,,,,,,,,,
3,153747,1536.93,452.756,432.367,37.737,0.818,255,1.047,0.955,0.991,,,,,,,,,,,,,,
3,157808,1584.67,486.937,412.635,94.902,0.79,255,1.18,0.847,0.984,,,,,,,,,,,,,,
3,116098,1466.688,416.697,354.743,143.961,0.678,255,1.175,0.851,0.926,,,,,,,,,,,,,,
3,129212,1473.19,415.273,396.168,30.424,0.748,255,1.048,0.954,0.963,,,,,,,,,,,,,,
3,150045,1613.315,446.038,428.312,8.26,0.724,255,1.041,0.96,0.948,,,,,,,,,,,,,,
3,117144,1463.634,406.48,366.936,175.472,0.687,255,1.108,0.903,0.936,,,,,,,,,,,,,,
3,132069,1497.717,417.241,403.018,71.787,0.74,255,1.035,0.966,0.957,,,,,,,,,,,,,,
3,141408,1589.214,448.199,401.711,114.91,0.704,255,1.116,0.896,0.948,,,,,,,,,,,,,,
3,133799,1510.889,436.929,389.899,6.848,0.737,255,1.121,0.892,0.974,,,,,,,,,,,,,,
3,128585,1445.675,411.173,398.177,13.777,0.773,255,1.033,0.968,0.977,,,,,,,,,,,,,,
3,128599,1505.859,419.189,390.605,60.849,0.713,255,1.073,0.932,0.951,,,,,,,,,,,,,,
3,134337,1551.415,441.027,387.829,81.711,0.701,255,1.137,0.879,0.94,,,,,,,,,,,,,,
3,98784,1474.202,372.574,337.586,134.095,0.571,255,1.104,0.906,0.839,,,,,,,,,,,,,,
3,114039,1474.119,384.276,377.851,71.11,0.659,255,1.017,0.983,0.914,,,,,,,,,,,,,,
3,140313,1627.499,435.498,410.225,66.309,0.666,255,1.062,0.942,0.927,,,,,,,,,,,,,,
3,99770,1472.705,380.197,334.119,174.556,0.578,255,1.138,0.879,0.853,,,,,,,,,,,,,,
3,119551,1495.533,398.651,381.831,121.274,0.672,255,1.044,0.958,0.914,,,,,,,,,,,,,,
3,115333,1601.599,404.257,363.251,121.637,0.565,255,1.113,0.899,0.84,,,,,,,,,,,,,,
3,104673,1501.031,375.659,354.773,153.378,0.584,255,1.059,0.944,0.857,,,,,,,,,,,,,,
3,102874,1440.805,366.617,357.275,112.32,0.623,255,1.026,0.975,0.878,,,,,,,,,,,,,,
3,110468,1505.717,388.335,362.193,74.069,0.612,255,1.072,0.933,0.879,,,,,,,,,,,,,,
3,114491,1555.942,413.586,352.465,75.334,0.594,255,1.173,0.852,0.86,,,,,,,,,,,,,,
3,94670,1483.415,376.548,320.112,130.176,0.541,255,1.176,0.85,0.815,,,,,,,,,,,,,,
3,90496,1493.148,348.19,330.92,6.65,0.51,255,1.052,0.95,0.786,,,,,,,,,,,,,,
3,103325,1649.398,379.217,346.919,57.968,0.477,255,1.093,0.915,0.753,,,,,,,,,,,,,,
3,83543,1489.072,340.486,312.407,5.648,0.473,255,1.09,0.918,0.748,,,,,,,,,,,,,,
3,99137,1506.989,361.536,349.135,72.661,0.549,255,1.036,0.966,0.821,,,,,,,,,,,,,,
3,98297,1627.114,376.846,332.114,121.534,0.467,255,1.135,0.881,0.743,,,,,,,,,,,,,,
3,87631,1504.403,350.239,318.568,172.179,0.487,255,1.099,0.91,0.756,,,,,,,,,,,,,,
3,89001,1461.651,345.214,328.259,155.21,0.524,255,1.052,0.951,0.793,,,,,,,,,,,,,,
3,100259,1508.646,370.605,344.447,83.378,0.554,255,1.076,0.929,0.821,,,,,,,,,,,,,,
3,93811,1599.415,378.532,315.545,100.801,0.461,255,1.2,0.834,0.741,,,,,,,,,,,,,,
3,67639,1524.487,313.484,274.721,138.051,0.366,255,1.141,0.876,0.62,,,,,,,,,,,,,,
3,68129,1523.835,299.744,289.395,3.281,0.369,255,1.036,0.965,0.624,,,,,,,,,,,,,,
3,79489,1703.783,329.551,307.11,68.833,0.344,255,1.073,0.932,0.602,,,,,,,,,,,,,,
3,61851,1548.285,300.148,262.374,173.026,0.324,255,1.144,0.874,0.575,,,,,,,,,,,,,,
3,85435,1522.445,337.923,321.905,46.453,0.463,255,1.05,0.953,0.731,,,,,,,,,,,,,,
3,80353,1668.913,342.04,299.113,121.333,0.363,255,1.144,0.874,0.626,,,,,,,,,,,,,,
3,72959,1548.445,317.809,292.296,165.107,0.382,255,1.087,0.92,0.647,,,,,,,,,,,,,,
3,71425,1495.249,312.977,290.568,162.955,0.401,255,1.077,0.928,0.665,,,,,,,,,,,,,,
3,71765,1571.7,315.011,290.066,68.955,0.365,255,1.086,0.921,0.623,,,,,,,,,,,,,,
3,80782,1626.528,344.786,298.315,79.569,0.384,255,1.156,0.865,0.652,,,,,,,,,,,,,,
3,63297,1553.558,304.962,264.27,136.832,0.33,255,1.154,0.867,0.578,,,,,,,,,,,,,,
3,61304,1561.232,284.572,274.288,118.949,0.316,255,1.037,0.964,0.563,,,,,,,,,,,,,,
3,71883,1737.7,313.917,291.556,68.792,0.299,255,1.077,0.929,0.544,,,,,,,,,,,,,,
3,48353,1594.913,259.237,237.486,10.516,0.239,255,1.092,0.916,0.457,,,,,,,,,,,,,,
3,55456,1599.724,280.821,251.437,49.666,0.272,255,1.117,0.895,0.499,,,,,,,,,,,,,,
3,53507,1754.209,282.097,241.503,119.89,0.219,255,1.168,0.856,0.429,,,,,,,,,,,,,,
3,59734,1584.587,288.872,263.285,158.903,0.299,255,1.097,0.911,0.536,,,,,,,,,,,,,,
3,45068,1590.729,249.356,230.123,177.068,0.224,255,1.084,0.923,0.437,,,,,,,,,,,,,,
3,51950,1639.18,277.482,238.375,69.386,0.243,255,1.164,0.859,0.463,,,,,,,,,,,,,,
3,41449,1760.712,249.896,211.186,91.264,0.168,255,1.183,0.845,0.351,,,,,,,,,,,,,,
3,142073,1489.634,466.371,387.873,129.045,0.805,255,1.202,0.832,0.987,,,,,,,,,,,,,,
3,128756,1431.391,430.415,380.882,47.953,0.79,255,1.13,0.885,0.958,,,,,,,,,,,,,,
3,161743,1638.445,489.27,420.908,98.159,0.757,255,1.162,0.86,0.961,,,,,,,,,,,,,,
3,134189,1510.161,438.393,389.73,169.689,0.739,255,1.125,0.889,0.96,,,,,,,,,,,,,,
3,139793,1467.391,425.166,418.637,70.308,0.816,255,1.016,0.985,0.987,,,,,,,,,,,,,,
3,181086,1671.357,519.217,444.064,126.01,0.815,255,1.169,0.855,0.991,,,,,,,,,,,,,,
3,122386,1520.604,439.827,354.291,158.309,0.665,255,1.241,0.806,0.903,,,,,,,,,,,,,,
3,137247,1446.32,439.843,397.297,38.408,0.824,255,1.107,0.903,0.988,,,,,,,,,,,,,,
3,155613,1535.072,467.159,424.122,34.762,0.83,255,1.101,0.908,0.989,,,,,,,,,,,,,,
3,159701,1615.114,530.117,383.571,96.108,0.769,255,1.382,0.724,0.973,,,,,,,,,,,,,,
3,105430,1435.474,430.4,311.89,138.919,0.643,255,1.38,0.725,0.891,,,,,,,,,,,,,,
3,121540,1415.207,415.655,372.303,31.697,0.763,255,1.116,0.896,0.957,,,,,,,,,,,,,,
3,146277,1606.771,449.743,414.116,4.923,0.712,255,1.086,0.921,0.93,,,,,,,,,,,,,,
3,111268,1488.462,416.675,340.003,174.565,0.631,255,1.226,0.816,0.908,,,,,,,,,,,,,,
3,126685,1454.83,421.004,383.133,73.071,0.752,255,1.099,0.91,0.949,,,,,,,,,,,,,,
3,144368,1612.428,477.102,385.274,115.36,0.698,255,1.238,0.808,0.949,,,,,,,,,,,,,,
3,141075,1523.19,474.315,378.698,9.665,0.764,255,1.252,0.798,0.98,,,,,,,,,,,,,,
3,127535,1399.45,416.934,389.468,20.573,0.818,255,1.071,0.934,0.985,,,,,,,,,,,,,,
3,124971,1479.575,428.247,371.557,60.807,0.717,255,1.153,0.868,0.95,,,,,,,,,,,,,,
3,133208,1575.942,469.217,361.466,82.002,0.674,255,1.298,0.77,0.925,,,,,,,,,,,,,,
3,119345,1443.634,425.637,357.006,133.469,0.72,255,1.192,0.839,0.947,,,,,,,,,,,,,,
3,129262,1446.479,443.579,371.031,41.475,0.776,255,1.196,0.836,0.956,,,,,,,,,,,,,,
3,119292,1588.83,427.333,355.431,56.226,0.594,255,1.202,0.832,0.863,,,,,,,,,,,,,,
3,94362,1498.947,385.831,311.394,1.846,0.528,255,1.239,0.807,0.821,,,,,,,,,,,,,,
3,129305,1434.504,431.693,381.374,35.227,0.79,255,1.132,0.883,0.99,,,,,,,,,,,,,,
3,121930,1632.428,429.99,361.045,126.746,0.575,255,1.191,0.84,0.86,,,,,,,,,,,,,,
3,128461,1493.634,444.758,367.754,176.371,0.724,255,1.209,0.827,0.964,,,,,,,,,,,,,,
3,109261,1394.982,400.37,347.467,25.325,0.706,255,1.152,0.868,0.921,,,,,,,,,,,,,,
3,102027,1475.457,390.17,332.944,60.196,0.589,255,1.172,0.853,0.845,,,,,,,,,,,,,,
3,132250,1569.457,465.207,361.959,88.084,0.675,255,1.285,0.778,0.933,,,,,,,,,,,,,,
3,100593,1465.8,413.962,309.398,126.358,0.588,255,1.338,0.747,0.857,,,,,,,,,,,,,,
3,83074,1404.739,346.837,304.965,8.706,0.529,255,1.137,0.879,0.796,,,,,,,,,,,,,,
3,96234,1612.244,382.959,319.953,57.142,0.465,255,1.197,0.835,0.741,,,,,,,,,,,,,,
3,81928,1504.67,352.858,295.626,4.29,0.455,255,1.194,0.838,0.739,,,,,,,,,,,,,,
3,99924,1442.219,365.701,347.9,83.991,0.604,255,1.051,0.951,0.858,,,,,,,,,,,,,,
3,98395,1676.67,399.757,313.391,122.364,0.44,255,1.276,0.784,0.734,,,,,,,,,,,,,,
3,85764,1510.445,361.647,301.947,172.873,0.472,255,1.198,0.835,0.753,,,,,,,,,,,,,,
3,85963,1409.911,348.033,314.486,149.401,0.543,255,1.107,0.904,0.804,,,,,,,,,,,,,,
3,105708,1477.96,392.76,342.682,80.65,0.608,255,1.146,0.872,0.872,,,,,,,,,,,,,,
3,90850,1634.83,409.173,282.702,100.738,0.427,255,1.447,0.691,0.713,,,,,,,,,,,,,,
3,75723,1473.097,371.314,259.655,127.349,0.439,255,1.43,0.699,0.706,,,,,,,,,,,,,,
3,73544,1409.627,316.813,295.566,49.452,0.465,255,1.072,0.933,0.736,,,,,,,,,,,,,,
3,98209,1623.759,385.633,324.255,46.921,0.468,255,1.189,0.841,0.749,,,,,,,,,,,,,,
3,86864,1501.232,360.229,307.023,175.285,0.484,255,1.173,0.852,0.775,,,,,,,,,,,,,,
3,90340,1434.001,364.821,315.29,62.376,0.552,255,1.157,0.864,0.818,,,,,,,,,,,,,,
3,72263,1724.084,340.302,270.372,122.636,0.305,255,1.259,0.795,0.567,,,,,,,,,,,,,,
3,63166,1554.989,307.41,261.623,167.806,0.328,255,1.175,0.851,0.579,,,,,,,,,,,,,,
3,61095,1432.621,289.351,268.838,155.634,0.374,255,1.076,0.929,0.639,,,,,,,,,,,,,,
3,80697,1518.126,347.008,296.093,66.126,0.44,255,1.172,0.853,0.712,,,,,,,,,,,,,,
3,76814,1663.131,359.476,272.07,89.299,0.349,255,1.321,0.757,0.621,,,,,,,,,,,,,,
3,62265,1512.487,323.941,244.73,131.742,0.342,255,1.324,0.755,0.596,,,,,,,,,,,,,,
3,59149,1455.751,287.367,262.072,178.422,0.351,255,1.097,0.912,0.619,,,,,,,,,,,,,,
3,70652,1681.783,323.66,277.937,67.35,0.314,255,1.165,0.859,0.569,,,,,,,,,,,,,,
3,53063,1597.298,300.62,224.742,164.879,0.261,255,1.338,0.748,0.506,,,,,,,,,,,,,,
3,91112,1460.362,353.202,328.445,47.448,0.537,255,1.075,0.93,0.805,,,,,,,,,,,,,,
3,79871,1699.599,364.062,279.334,122.518,0.347,255,1.303,0.767,0.614,,,,,,,,,,,,,,
3,73563,1536.989,332.509,281.686,167.403,0.391,255,1.18,0.847,0.662,,,,,,,,,,,,,,
3,69796,1431.082,322.645,275.433,161.865,0.428,255,1.171,0.854,0.691,,,,,,,,,,,,,,
3,66643,1561.7,315.888,268.616,64.478,0.343,255,1.176,0.85,0.602,,,,,,,,,,,,,,
3,85489,1654.528,381.343,285.433,78.994,0.392,255,1.336,0.748,0.674,,,,,,,,,,,,,,
3,140215,1488.237,484.848,368.213,125.462,0.796,255,1.317,0.759,0.984,,,,,,,,,,,,,,
3,116640,1394.864,424.903,349.517,45.173,0.753,255,1.216,0.823,0.932,,,,,,,,,,,,,,
3,152764,1639.918,491.622,395.639,99.32,0.714,255,1.243,0.805,0.938,,,,,,,,,,,,,,
3,131166,1554.244,442.694,377.249,165.019,0.682,255,1.173,0.852,0.93,,,,,,,,,,,,,,
3,131732,1415.408,415.549,403.626,75.336,0.826,255,1.03,0.971,0.983,,,,,,,,,,,,,,
3,191872,1724.913,551.49,442.98,125.657,0.81,255,1.245,0.803,0.99,,,,,,,,,,,,,,
3,110540,1545.734,439.606,320.159,159.839,0.581,255,1.373,0.728,0.835,,,,,,,,,,,,,,
3,130603,1429.634,441.681,376.491,38.424,0.803,255,1.173,0.852,0.978,,,,,,,,,,,,,,
3,158255,1539.8,481.357,418.601,32.11,0.839,255,1.15,0.87,0.987,,,,,,,,,,,,,,
3,160892,1679.558,574.329,356.684,96.973,0.717,255,1.61,0.621,0.959,,,,,,,,,,,,,,
3,95036,1435.19,444.27,272.365,136.438,0.58,255,1.631,0.613,0.849,,,,,,,,,,,,,,
3,114475,1381.952,419.935,347.088,31.821,0.753,255,1.21,0.827,0.95,,,,,,,,,,,,,,
3,142945,1616.185,454.05,400.844,179.927,0.688,255,1.133,0.883,0.907,,,,,,,,,,,,,,
3,104192,1525.19,422.487,314.001,172.477,0.563,255,1.345,0.743,0.868,,,,,,,,,,,,,,
3,121839,1426.043,430.803,360.096,73.599,0.753,255,1.196,0.836,0.937,,,,,,,,,,,,,,
3,147263,1650.754,504.478,371.674,116.368,0.679,255,1.357,0.737,0.947,,,,,,,,,,,,,,
3,147631,1550.604,512.848,366.521,11.778,0.772,255,1.399,0.715,0.977,,,,,,,,,,,,,,
3,126001,1370.58,424.824,377.637,26.528,0.843,255,1.125,0.889,0.988,,,,,,,,,,,,,,
3,122005,1470.746,438.045,354.625,60.662,0.709,255,1.235,0.81,0.948,,,,,,,,,,,,,,
3,132092,1605.256,497.98,337.734,82.877,0.644,255,1.474,0.678,0.905,,,,,,,,,,,,,,
3,79259,1465.7,370.846,272.123,121.947,0.464,255,1.363,0.734,0.744,,,,,,,,,,,,,,
3,107130,1367.675,381.671,357.382,57.371,0.72,255,1.068,0.936,0.92,,,,,,,,,,,,,,
3,152221,1589.492,475.381,407.702,65.228,0.757,255,1.166,0.858,0.982,,,,,,,,,,,,,,
3,87017,1545.19,402.399,275.332,171.465,0.458,255,1.462,0.684,0.781,,,,,,,,,,,,,,
3,123405,1479.131,429.808,365.568,120.996,0.709,255,1.176,0.851,0.915,,,,,,,,,,,,,,
3,108204,1715.457,439.295,313.615,123.363,0.462,255,1.401,0.714,0.775,,,,,,,,,,,,,,
3,100953,1540.001,396.554,324.136,152.005,0.535,255,1.223,0.817,0.799,,,,,,,,,,,,,,
3,87616,1357.651,353.546,315.535,119.182,0.597,255,1.12,0.892,0.842,,,,,,,,,,,,,,
3,102365,1456.545,405.455,321.454,70.875,0.606,255,1.261,0.793,0.876,,,,,,,,,,,,,,
3,116128,1639.021,478.735,308.853,74.596,0.543,255,1.55,0.645,0.826,,,,,,,,,,,,,,
3,68003,1468.788,372.275,232.581,128.049,0.396,255,1.601,0.625,0.675,,,,,,,,,,,,,,
3,77584,1297.082,331.439,298.043,142.548,0.579,255,1.112,0.899,0.842,,,,,,,,,,,,,,
3,104161,1620.729,387.45,342.295,61.374,0.498,255,1.132,0.883,0.771,,,,,,,,,,,,,,
3,67322,1559.09,350.728,244.398,168.78,0.348,255,1.435,0.697,0.636,,,,,,,,,,,,,,
3,96777,1475.114,382.205,322.394,81.6,0.559,255,1.186,0.844,0.813,,,,,,,,,,,,,,
3,98629,1734.41,417.209,300.997,126.621,0.412,255,1.386,0.721,0.719,,,,,,,,,,,,,,
3,87146,1544.369,369.449,300.333,4.551,0.459,255,1.23,0.813,0.749,,,,,,,,,,,,,,
3,90362,1335.828,372.816,308.604,15.742,0.636,255,1.208,0.828,0.871,,,,,,,,,,,,,,
3,98705,1473.273,382.092,328.913,59.026,0.571,255,1.162,0.861,0.835,,,,,,,,,,,,,,
3,74748,1675.901,381.081,249.742,86.402,0.334,255,1.526,0.655,0.61,,,,,,,,,,,,,,
3,106886,1482.629,444.257,306.335,124.981,0.611,255,1.45,0.69,0.876,,,,,,,,,,,,,,
3,76451,1366.438,351.42,276.992,9.183,0.515,255,1.269,0.788,0.791,,,,,,,,,,,,,,
3,88728,1580.161,386.543,292.262,56.172,0.447,255,1.323,0.756,0.728,,,,,,,,,,,,,,
3,81561,1529.398,369.193,281.28,2.671,0.438,255,1.313,0.762,0.738,,,,,,,,,,,,,,
3,100922,1399.935,367.85,349.322,108.649,0.647,255,1.053,0.95,0.872,,,,,,,,,,,,,,
3,100252,1721.7,423.186,301.628,123.019,0.425,255,1.403,0.713,0.735,,,,,,,,,,,,,,
3,84631,1507.474,375.197,287.197,172.894,0.468,255,1.306,0.765,0.757,,,,,,,,,,,,,,
3,82823,1380.296,352.461,299.192,144.259,0.546,255,1.178,0.849,0.799,,,,,,,,,,,,,,
3,110437,1457.273,414.438,339.285,76.888,0.653,255,1.222,0.819,0.911,,,,,,,,,,,,,,
3,87903,1678.729,441.581,253.457,100.553,0.392,255,1.742,0.574,0.682,,,,,,,,,,,,,,
3,71795,1444.31,396.372,230.623,126.015,0.432,255,1.719,0.582,0.7,,,,,,,,,,,,,,
3,67612,1352.756,310.9,276.894,41.755,0.464,255,1.123,0.891,0.752,,,,,,,,,,,,,,
3,96827,1594.889,402.199,306.525,48.467,0.478,255,1.312,0.762,0.768,,,,,,,,,,,,,,
3,89790,1524.688,380.539,300.427,173.711,0.485,255,1.267,0.789,0.798,,,,,,,,,,,,,,
3,89835,1380.487,379.412,301.471,62.052,0.592,255,1.259,0.795,0.849,,,,,,,,,,,,,,
3,64223,1794.854,341.849,239.203,121.021,0.251,255,1.429,0.7,0.504,,,,,,,,,,,,,,
3,53703,1589.474,295.946,231.045,166.458,0.267,255,1.281,0.781,0.508,,,,,,,,,,,,,,
3,50074,1386.497,270.301,235.871,146.544,0.327,255,1.146,0.873,0.592,,,,,,,,,,,,,,
3,79452,1520.996,354.665,285.231,64.38,0.432,255,1.243,0.804,0.72,,,,,,,,,,,,,,
3,73210,1718.161,378.294,246.406,88.778,0.312,255,1.535,0.651,0.592,,,,,,,,,,,,,,
4,168625,1603.471,477.947,449.213,115.02,0.824,255,1.064,0.94,0.973,,,,,,,,,,,,,,
4,195380,1703.998,503.202,494.365,30.989,0.846,255,1.018,0.982,0.985,,,,,,,,,,,,,,
4,223280,1840.542,568.929,499.691,35.312,0.828,255,1.139,0.878,0.981,,,,,,,,,,,,,,
4,173270,1597.783,491.245,449.092,137.644,0.853,255,1.094,0.914,0.994,,,,,,,,,,,,,,
4,191764,1701.423,511.83,477.036,36.771,0.832,255,1.073,0.932,0.99,,,,,,,,,,,,,,
4,198817,1723.062,512.952,493.5,144.113,0.842,255,1.039,0.962,0.992,,,,,,,,,,,,,,
4,166330,1624.043,476.765,444.197,95.258,0.792,255,1.073,0.932,0.98,,,,,,,,,,,,,,
4,174587,1628.965,481.52,461.645,164.94,0.827,255,1.043,0.959,0.99,,,,,,,,,,,,,,
4,172237,1611.599,477.267,459.489,133.169,0.833,255,1.039,0.963,0.987,,,,,,,,,,,,,,
4,192438,1710.487,510.215,480.229,91.168,0.827,255,1.062,0.941,0.99,,,,,,,,,,,,,,
4,143840,1544.129,461.256,397.053,160.375,0.758,255,1.162,0.861,0.951,,,,,,,,,,,,,,
4,151485,1607.283,444.067,434.342,105.082,0.737,255,1.022,0.978,0.931,,,,,,,,,,,,,,
4,180695,1760.504,496.63,463.258,107.139,0.733,255,1.072,0.933,0.938,,,,,,,,,,,,,,
4,152420,1604.119,462.03,420.031,26.027,0.744,255,1.1,0.909,0.946,,,,,,,,,,,,,,
4,167572,1706.93,479.926,444.567,176.634,0.723,255,1.08,0.926,0.933,,,,,,,,,,,,,,
4,186341,1777.298,500.277,474.251,58.854,0.741,255,1.055,0.948,0.948,,,,,,,,,,,,,,
4,161739,1620.57,460.414,447.277,119.187,0.774,255,1.029,0.971,0.963,,,,,,,,,,,,,,
4,155823,1594.837,456.897,434.234,178.459,0.77,255,1.052,0.95,0.949,,,,,,,,,,,,,,
4,153614,1637.381,469.429,416.65,44.81,0.72,255,1.127,0.888,0.923,,,,,,,,,,,,,,
4,173497,1710.653,472.293,467.725,45.142,0.745,255,1.01,0.99,0.945,,,,,,,,,,,,,,
4,111982,1606.504,396.795,359.328,147.547,0.545,255,1.104,0.906,0.801,,,,,,,,,,,,,,
4,138710,1617.124,423.858,416.675,33.988,0.667,255,1.017,0.983,0.886,,,,,,,,,,,,,,
4,169653,1757.232,483.138,447.096,106.314,0.69,255,1.081,0.925,0.911,,,,,,,,,,,,,,
4,123655,1625.558,420.224,374.663,6.592,0.588,255,1.122,0.892,0.821,,,,,,,,,,,,,,
4,146421,1728.227,448.333,415.827,29.987,0.616,255,1.078,0.927,0.849,,,,,,,,,,,,,,
4,152914,1811.665,449.849,432.804,38.756,0.585,255,1.039,0.962,0.825,,,,,,,,,,,,,,
4,129259,1636.996,413.189,398.311,174.147,0.606,255,1.037,0.964,0.832,,,,,,,,,,,,,,
4,129616,1618.31,435.925,378.579,153.814,0.622,255,1.151,0.868,0.85,,,,,,,,,,,,,,
4,136456,1655.582,427.929,406.004,30.837,0.626,255,1.054,0.949,0.85,,,,,,,,,,,,,,
4,140657,1752.494,427.674,418.754,129.503,0.576,255,1.021,0.979,0.81,,,,,,,,,,,,,,
4,118706,1593.592,413.157,365.82,137.206,0.587,255,1.129,0.885,0.836,,,,,,,,,,,,,,
4,120055,1672.403,407.805,374.833,97.759,0.539,255,1.088,0.919,0.789,,,,,,,,,,,,,,
4,131113,1835.062,435.966,382.915,133.777,0.489,255,1.139,0.878,0.743,,,,,,,,,,,,,,
4,115367,1674.143,403.564,363.981,14.541,0.517,255,1.109,0.902,0.769,,,,,,,,,,,,,,
4,131510,1767.866,427.718,391.481,16.69,0.529,255,1.093,0.915,0.776,,,,,,,,,,,,,,
4,120107,1908.962,403.371,379.117,10.713,0.414,255,1.064,0.94,0.673,,,,,,,,,,,,,,
4,126127,1655.582,408.65,392.976,115.05,0.578,255,1.04,0.962,0.815,,,,,,,,,,,,,,
4,112527,1687.783,404.62,354.095,159.577,0.496,255,1.143,0.875,0.754,,,,,,,,,,,,,,
4,116571,1718.41,407.077,364.606,23.436,0.496,255,1.116,0.896,0.743,,,,,,,,,,,,,,
4,134567,1777.038,418.135,409.762,30.381,0.535,255,1.02,0.98,0.778,,,,,,,,,,,,,,
4,98436,1658.209,382.653,327.536,146.809,0.45,255,1.168,0.856,0.711,,,,,,,,,,,,,,
4,105784,1730.251,385.634,349.264,107.443,0.444,255,1.104,0.906,0.707,,,,,,,,,,,,,,
4,119410,1880.82,410.578,370.301,117.434,0.424,255,1.109,0.902,0.681,,,,,,,,,,,,,,
4,105939,1723.641,388.745,346.978,14.657,0.448,255,1.12,0.893,0.712,,,,,,,,,,,,,,
4,127004,1779.807,421.192,383.926,23.912,0.504,255,1.097,0.912,0.752,,,,,,,,,,,,,,
4,119491,1916.92,410.879,370.281,37.366,0.409,255,1.11,0.901,0.668,,,,,,,,,,,,,,
4,117223,1682.653,402.87,370.474,154.15,0.52,255,1.087,0.92,0.762,,,,,,,,,,,,,,
4,105844,1723.741,386.488,348.691,163.949,0.448,255,1.108,0.902,0.71,,,,,,,,,,,,,,
4,118091,1731.481,407.18,369.267,31.573,0.495,255,1.103,0.907,0.75,,,,,,,,,,,,,,
4,115883,1859.707,395.114,373.428,124.517,0.421,255,1.058,0.945,0.681,,,,,,,,,,,,,,
4,90458,1683.163,358.224,321.516,149.464,0.401,255,1.114,0.898,0.658,,,,,,,,,,,,,,
4,92271,1797.104,348.424,337.184,96.88,0.359,255,1.033,0.968,0.622,,,,,,,,,,,,,,
4,114437,1913.288,405.549,359.28,113.484,0.393,255,1.129,0.886,0.653,,,,,,,,,,,,,,
4,82025,1849.322,338.493,308.537,178.278,0.301,255,1.097,0.912,0.562,,,,,,,,,,,,,,
4,110754,1855.832,395.458,356.59,17.629,0.404,255,1.109,0.902,0.662,,,,,,,,,,,,,,
4,105807,2000.033,387.151,347.972,21.022,0.332,255,1.113,0.899,0.594,,,,,,,,,,,,,,
4,87359,1851.464,341.41,325.793,111.603,0.32,255,1.048,0.954,0.583,,,,,,,,,,,,,,
4,86812,1819.575,359.375,307.569,157.446,0.329,255,1.168,0.856,0.592,,,,,,,,,,,,,,
4,97547,1834.126,368.376,337.157,50.888,0.364,255,1.093,0.915,0.63,,,,,,,,,,,,,,
4,96091,1977.908,358.961,340.836,166.979,0.309,255,1.053,0.95,0.57,,,,,,,,,,,,,,
4,84244,1726.785,356.507,300.872,149.001,0.355,255,1.185,0.844,0.615,,,,,,,,,,,,,,
4,100412,1760.133,366.245,349.079,40.738,0.407,255,1.049,0.953,0.669,,,,,,,,,,,,,,
4,99999,1995.153,369.629,344.461,132.351,0.316,255,1.073,0.932,0.575,,,,,,,,,,,,,,
4,76716,1894.577,321.754,303.58,29.852,0.269,255,1.06,0.944,0.526,,,,,,,,,,,,,,
4,90287,1975.773,344.74,333.46,160.842,0.291,255,1.034,0.967,0.547,,,,,,,,,,,,,,
4,90006,2094.317,351.975,325.589,5.998,0.258,255,1.081,0.925,0.508,,,,,,,,,,,,,,
4,93514,1811.055,363.89,327.203,146.896,0.358,255,1.112,0.899,0.62,,,,,,,,,,,,,,
4,89175,1819.457,365.775,310.413,168.097,0.339,255,1.178,0.849,0.606,,,,,,,,,,,,,,
4,83662,1915.239,347.469,306.565,44.675,0.287,255,1.133,0.882,0.544,,,,,,,,,,,,,,
4,92210,1998.41,358.14,327.82,44.618,0.29,255,1.092,0.915,0.547,,,,,,,,,,,,,,
4,164384,1659.346,494.061,423.632,105.8,0.75,255,1.166,0.857,0.937,,,,,,,,,,,,,,
4,201996,1769.957,514.27,500.106,32.841,0.81,255,1.028,0.972,0.966,,,,,,,,,,,,,,
4,232763,1933.471,619.295,478.549,35.938,0.782,255,1.294,0.773,0.953,,,,,,,,,,,,,,
4,180397,1629.18,523.178,439.026,136.225,0.854,255,1.192,0.839,0.995,,,,,,,,,,,,,,
4,193909,1725.748,535.3,461.223,35.857,0.818,255,1.161,0.862,0.982,,,,,,,,,,,,,,
4,205595,1742.199,529.111,494.738,151.113,0.851,255,1.069,0.935,0.989,,,,,,,,,,,,,,
4,159770,1628.143,487.229,417.515,94.637,0.757,255,1.167,0.857,0.959,,,,,,,,,,,,,,
4,172292,1642.521,490.195,447.514,157.552,0.803,255,1.095,0.913,0.983,,,,,,,,,,,,,,
4,161668,1576.896,472.328,435.803,131.668,0.817,255,1.084,0.923,0.973,,,,,,,,,,,,,,
4,198750,1757.055,532.677,475.066,90.539,0.809,255,1.121,0.892,0.981,,,,,,,,,,,,,,
4,136408,1540.296,476.083,364.81,157.171,0.723,255,1.305,0.766,0.939,,,,,,,,,,,,,,
4,140635,1601.776,431.55,414.928,129.422,0.689,255,1.04,0.961,0.897,,,,,,,,,,,,,,
4,176389,1782.972,509.328,440.945,105.124,0.697,255,1.155,0.866,0.907,,,,,,,,,,,,,,
4,159797,1657.8,495.282,410.796,24.545,0.731,255,1.206,0.829,0.939,,,,,,,,,,,,,,
4,171363,1761.842,504.543,432.443,178.95,0.694,255,1.167,0.857,0.915,,,,,,,,,,,,,,
4,207547,1883.682,541.683,487.845,57.252,0.735,255,1.11,0.901,0.939,,,,,,,,,,,,,,
4,174101,1668.452,481.996,459.905,121.163,0.786,255,1.048,0.954,0.969,,,,,,,,,,,,,,
4,158045,1627.079,474.478,424.106,179.157,0.75,255,1.119,0.894,0.939,,,,,,,,,,,,,,
4,148513,1660.209,488.21,387.318,43.111,0.677,255,1.26,0.793,0.895,,,,,,,,,,,,,,
4,186547,1795.18,490.787,483.955,49.184,0.727,255,1.014,0.986,0.94,,,,,,,,,,,,,,
4,94884,1600.084,383.045,315.394,141.466,0.466,255,1.214,0.823,0.743,,,,,,,,,,,,,,
4,139127,1602.219,433.57,408.566,45.352,0.681,255,1.061,0.942,0.911,,,,,,,,,,,,,,
4,178829,1754.729,514.782,442.308,105.945,0.73,255,1.164,0.859,0.94,,,,,,,,,,,,,,
4,121985,1699.741,442.63,350.894,6.329,0.531,255,1.261,0.793,0.787,,,,,,,,,,,,,,
4,152671,1793.54,478.081,406.598,29.527,0.596,255,1.176,0.85,0.846,,,,,,,,,,,,,,
4,161864,1952.962,473.38,435.362,33.67,0.533,255,1.087,0.92,0.791,,,,,,,,,,,,,,
4,129151,1685.908,422.623,389.094,175.278,0.571,255,1.086,0.921,0.811,,,,,,,,,,,,,,
4,125406,1628.369,461.255,346.168,154.897,0.594,255,1.332,0.75,0.846,,,,,,,,,,,,,,
4,136079,1690.41,439.293,394.409,28.674,0.598,255,1.114,0.898,0.841,,,,,,,,,,,,,,
4,142914,1885.547,436.087,417.265,122.367,0.505,255,1.045,0.957,0.769,,,,,,,,,,,,,,
4,119632,1544.521,437.627,348.06,130.736,0.63,255,1.257,0.795,0.877,,,,,,,,,,,,,,
4,111621,1661.751,409.964,346.666,101.024,0.508,255,1.183,0.846,0.772,,,,,,,,,,,,,,
4,119676,1862.844,443.749,343.383,132.407,0.433,255,1.292,0.774,0.699,,,,,,,,,,,,,,
4,119368,1767.415,430.44,353.09,14.091,0.48,255,1.219,0.82,0.769,,,,,,,,,,,,,,
4,136572,1849.322,451.312,385.296,18.701,0.502,255,1.171,0.854,0.773,,,,,,,,,,,,,,
4,109090,2112.542,397.036,349.836,11.52,0.307,255,1.135,0.881,0.566,,,,,,,,,,,,,,
4,137444,1688.653,433.109,404.054,116.586,0.606,255,1.072,0.933,0.852,,,,,,,,,,,,,,
4,104065,1734.754,419.995,315.479,159.393,0.435,255,1.331,0.751,0.72,,,,,,,,,,,,,,
4,111912,1768.896,421.743,337.862,21.2,0.449,255,1.248,0.801,0.714,,,,,,,,,,,,,,
4,144240,1884.168,440.647,416.778,31.791,0.511,255,1.057,0.946,0.77,,,,,,,,,,,,,,
4,91568,1631.582,394.357,295.641,142.561,0.432,255,1.334,0.75,0.703,,,,,,,,,,,,,,
4,98935,1702.043,394.571,319.253,111.869,0.429,255,1.236,0.809,0.703,,,,,,,,,,,,,,
4,110864,1883.423,417.756,337.892,118.512,0.393,255,1.236,0.809,0.656,,,,,,,,,,,,,,
4,112043,1797.415,420.727,339.074,11.964,0.436,255,1.241,0.806,0.724,,,,,,,,,,,,,,
4,140537,1808.168,461.209,387.974,23.629,0.54,255,1.189,0.841,0.796,,,,,,,,,,,,,,
4,124494,2052.459,440.511,359.834,37.638,0.371,255,1.224,0.817,0.636,,,,,,,,,,,,,,
4,130344,1690.736,439.66,377.471,153.158,0.573,255,1.165,0.859,0.813,,,,,,,,,,,,,,
4,104526,1755.582,411.947,323.067,167.279,0.426,255,1.275,0.784,0.716,,,,,,,,,,,,,,
4,127750,1723.381,440.166,369.534,30.955,0.541,255,1.191,0.84,0.795,,,,,,,,,,,,,,
4,120430,1981.974,414.999,369.486,124.719,0.385,255,1.123,0.89,0.656,,,,,,,,,,,,,,
4,85392,1652.109,362.056,300.297,143.116,0.393,255,1.206,0.829,0.659,,,,,,,,,,,,,,
4,81589,1793.398,335.49,309.644,96.548,0.319,255,1.083,0.923,0.592,,,,,,,,,,,,,,
4,114625,1880.435,432.33,337.578,113.096,0.407,255,1.281,0.781,0.675,,,,,,,,,,,,,,
4,73728,1986.293,334.087,280.985,174.767,0.235,255,1.189,0.841,0.491,,,,,,,,,,,,,,
4,120262,1894.501,429.916,356.168,17.331,0.421,255,1.207,0.828,0.691,,,,,,,,,,,,,,
4,107706,2148.4,415.814,329.8,21.811,0.293,255,1.261,0.793,0.552,,,,,,,,,,,,,,
4,83472,1942.418,340.666,311.977,113.913,0.278,255,1.092,0.916,0.546,,,,,,,,,,,,,,
4,77233,1872.303,367.993,267.223,158.135,0.277,255,1.377,0.726,0.547,,,,,,,,,,,,,,
4,97125,1868.996,384.315,321.777,50.12,0.349,255,1.194,0.837,0.625,,,,,,,,,,,,,,
4,93091,2141.891,364.203,325.442,174.503,0.255,255,1.119,0.894,0.513,,,,,,,,,,,,,,
4,85884,1674.778,387.289,282.349,146.718,0.385,255,1.372,0.729,0.667,,,,,,,,,,,,,,
4,108313,1668.344,389.458,354.104,42.829,0.489,255,1.1,0.909,0.751,,,,,,,,,,,,,,
4,96383,1961.756,376.735,325.743,131.145,0.315,255,1.157,0.865,0.574,,,,,,,,,,,,,,
4,72301,2034.334,322.159,285.749,24.475,0.22,255,1.127,0.887,0.479,,,,,,,,,,,,,,
4,88650,2055.354,347.93,324.412,159.397,0.264,255,1.072,0.932,0.518,,,,,,,,,,,,,,
4,86447,2263.229,359.923,305.809,9.195,0.212,255,1.177,0.85,0.448,,,,,,,,,,,,,,
4,102471,1800.428,400.287,325.941,146.782,0.397,255,1.228,0.814,0.661,,,,,,,,,,,,,,
4,91128,1822.168,409.161,283.575,168.006,0.345,255,1.443,0.693,0.633,,,,,,,,,,,,,,
4,78605,1951.097,358.137,279.455,42.997,0.259,255,1.282,0.78,0.511,,,,,,,,,,,,,,
4,94722,2110.452,377.747,319.272,42.351,0.267,255,1.183,0.845,0.523,,,,,,,,,,,,,,
4,161078,1740.092,509.762,402.327,102.164,0.669,255,1.267,0.789,0.896,,,,,,,,,,,,,,
4,208928,1853.128,523.711,507.944,33.799,0.765,255,1.031,0.97,0.939,,,,,,,,,,,,,,
4,242480,2063.572,671.944,459.466,36.797,0.716,255,1.462,0.684,0.919,,,,,,,,,,,,,,
4,187757,1668.861,555.46,430.382,135.528,0.847,255,1.291,0.775,0.994,,,,,,,,,,,,,,
4,195668,1760.577,560.142,444.766,35.586,0.793,255,1.259,0.794,0.969,,,,,,,,,,,,,,
4,212095,1805.194,542.204,498.056,158.172,0.818,255,1.089,0.919,0.982,,,,,,,,,,,,,,
4,153671,1659.055,503.472,388.622,94.547,0.702,255,1.296,0.772,0.936,,,,,,,,,,,,,,
4,170756,1679.575,501.604,433.436,152.361,0.761,255,1.157,0.864,0.973,,,,,,,,,,,,,,
4,150313,1569.322,465.099,411.492,130.087,0.767,255,1.13,0.885,0.949,,,,,,,,,,,,,,
4,204010,1821.322,550.844,471.555,91.467,0.773,255,1.168,0.856,0.968,,,,,,,,,,,,,,
4,127176,1572.119,487.628,332.068,155.267,0.647,255,1.468,0.681,0.897,,,,,,,,,,,,,,
4,132043,1636.327,427.184,393.559,148.622,0.62,255,1.085,0.921,0.859,,,,,,,,,,,,,,
4,172306,1857.038,522.95,419.517,103.105,0.628,255,1.247,0.802,0.863,,,,,,,,,,,,,,
4,166975,1732.795,531.031,400.352,23.11,0.699,255,1.326,0.754,0.933,,,,,,,,,,,,,,
4,174848,1827.381,528.318,421.382,1.078,0.658,255,1.254,0.798,0.891,,,,,,,,,,,,,,
4,230050,1998.611,583.643,501.863,55.944,0.724,255,1.163,0.86,0.931,,,,,,,,,,,,,,
4,187356,1772.008,502.39,474.829,124.767,0.75,255,1.058,0.945,0.958,,,,,,,,,,,,,,
4,160670,1682.736,495.003,413.273,179.663,0.713,255,1.198,0.835,0.929,,,,,,,,,,,,,,
4,143374,1703.565,504.983,361.496,40.828,0.621,255,1.397,0.716,0.862,,,,,,,,,,,,,,
4,200062,1870.251,509.784,499.676,45.507,0.719,255,1.02,0.98,0.934,,,,,,,,,,,,,,
4,128163,1535.876,469.226,347.769,148.063,0.683,255,1.349,0.741,0.941,,,,,,,,,,,,,,
4,119045,1752.57,417.937,362.669,9.788,0.487,255,1.152,0.868,0.778,,,,,,,,,,,,,,
4,197013,1824.026,560.508,447.531,131.279,0.744,255,1.252,0.798,0.954,,,,,,,,,,,,,,
4,155980,1831.097,507.613,391.243,26.437,0.585,255,1.297,0.771,0.888,,,,,,,,,,,,,,
4,151006,1857.949,483.088,397.996,25.641,0.55,255,1.214,0.824,0.814,,,,,,,,,,,,,,
4,191618,1976.878,526.172,463.68,176.845,0.616,255,1.135,0.881,0.864,,,,,,,,,,,,,,
4,149955,1736.209,458.887,416.069,146.247,0.625,255,1.103,0.907,0.861,,,,,,,,,,,,,,
4,149254,1796.528,485.13,391.722,169.695,0.581,255,1.238,0.807,0.876,,,,,,,,,,,,,,
4,137044,1698.795,512.136,340.71,40.372,0.597,255,1.503,0.665,0.844,,,,,,,,,,,,,,
4,187442,1903.045,494.467,482.658,147.819,0.65,255,1.024,0.976,0.894,,,,,,,,,,,,,,
4,89034,1624.168,388.399,291.869,132.548,0.424,255,1.331,0.751,0.717,,,,,,,,,,,,,,
4,115468,1613.55,410.835,357.853,112.987,0.557,255,1.148,0.871,0.836,,,,,,,,,,,,,,
4,144462,1831.682,482.84,380.944,106.614,0.541,255,1.267,0.789,0.799,,,,,,,,,,,,,,
4,136720,1830.102,474.149,367.136,4.737,0.513,255,1.291,0.774,0.82,,,,,,,,,,,,,,
4,182157,1811.942,512.71,452.36,6.267,0.697,255,1.133,0.882,0.937,,,,,,,,,,,,,,
4,114975,2219.998,424.886,344.541,5.79,0.293,255,1.233,0.811,0.549,,,,,,,,,,,,,,
4,144903,1716.677,441.6,417.79,155.625,0.618,255,1.057,0.946,0.86,,,,,,,,,,,,,,
4,145972,1824.285,459.76,404.249,34.487,0.551,255,1.137,0.879,0.85,,,,,,,,,,,,,,
4,140173,1783.908,447.588,398.746,5.608,0.554,255,1.122,0.891,0.809,,,,,,,,,,,,,,
4,160653,1936.352,510.791,400.457,69.302,0.538,255,1.276,0.784,0.797,,,,,,,,,,,,,,
4,101276,1573.901,469.516,274.641,158.848,0.514,255,1.71,0.585,0.783,,,,,,,,,,,,,,
4,130434,1539.006,423.306,392.325,103.253,0.692,255,1.079,0.927,0.915,,,,,,,,,,,,,,
4,168372,1838.653,548.401,390.915,103.779,0.626,255,1.403,0.713,0.867,,,,,,,,,,,,,,
4,119315,1837.675,440.998,344.484,10.731,0.444,255,1.28,0.781,0.75,,,,,,,,,,,,,,
4,169664,1824.611,529.725,407.802,43.521,0.64,255,1.299,0.77,0.886,,,,,,,,,,,,,,
4,167560,2086.359,498.312,428.133,29.514,0.484,255,1.164,0.859,0.772,,,,,,,,,,,,,,
4,120345,1884.258,395.4,387.526,124.235,0.426,255,1.02,0.98,0.739,,,,,,,,,,,,,,
4,118801,1818.469,424.913,355.984,5.408,0.451,255,1.194,0.838,0.786,,,,,,,,,,,,,,
4,137893,1734.352,498.098,352.483,39.562,0.576,255,1.413,0.708,0.844,,,,,,,,,,,,,,
4,127809,2042.643,418.137,389.182,59.135,0.385,255,1.074,0.931,0.655,,,,,,,,,,,,,,
4,101848,1591.232,417.435,310.651,135.674,0.505,255,1.344,0.744,0.812,,,,,,,,,,,,,,
4,148612,1632.646,460.384,411.002,3.374,0.701,255,1.12,0.893,0.922,,,,,,,,,,,,,,
4,153908,1785.506,501.983,390.375,118.406,0.607,255,1.286,0.778,0.855,,,,,,,,,,,,,,
4,102290,1926.109,422.426,308.313,15.847,0.346,255,1.37,0.73,0.655,,,,,,,,,,,,,,
4,125820,1960.008,419.72,381.681,35.152,0.412,255,1.1,0.909,0.699,,,,,,,,,,,,,,
4,181589,2111.631,547.806,422.059,53.239,0.512,255,1.298,0.77,0.793,,,,,,,,,,,,,,
4,122838,1914.937,404.438,386.715,123.406,0.421,255,1.046,0.956,0.738,,,,,,,,,,,,,,
4,139741,1819.138,483.628,367.894,175.351,0.531,255,1.315,0.761,0.843,,,,,,,,,,,,,,
4,83871,1918.369,374.032,285.505,48.404,0.286,255,1.31,0.763,0.551,,,,,,,,,,,,,,
4,127758,2119.079,437.328,371.955,133.697,0.358,255,1.176,0.851,0.64,,,,,,,,,,,,,,
4,83505,1647.682,397.965,267.164,140.636,0.387,255,1.49,0.671,0.679,,,,,,,,,,,,,,
4,92282,1714.746,405.44,289.801,116.554,0.394,255,1.399,0.715,0.688,,,,,,,,,,,,,,
4,102500,1881.641,425.748,306.536,119.493,0.364,255,1.389,0.72,0.632,,,,,,,,,,,,,,
4,118710,1902.629,452.543,333.993,9.215,0.412,255,1.355,0.738,0.737,,,,,,,,,,,,,,
4,154867,1837.901,497.681,396.204,23.575,0.576,255,1.256,0.796,0.835,,,,,,,,,,,,,,
4,129143,2216.508,470.113,349.767,37.953,0.33,255,1.344,0.744,0.607,,,,,,,,,,,,,,
4,144061,1720.234,474.95,386.197,152.684,0.612,255,1.23,0.813,0.846,,,,,,,,,,,,,,
4,103473,1822.736,452.827,290.941,168.463,0.391,255,1.556,0.642,0.722,,,,,,,,,,,,,,
4,138287,1738.393,470.411,374.295,30.966,0.575,255,1.257,0.796,0.834,,,,,,,,,,,,,,
4,125139,2127.27,436.878,364.706,124.711,0.348,255,1.198,0.835,0.632,,,,,,,,,,,,,,
5,140745,1618.83,457.238,391.923,107.852,0.675,255,1.167,0.857,0.887,,,,,,,,,,,,,,
5,148325,1666.996,456.146,414.02,37.371,0.671,255,1.102,0.908,0.877,,,,,,,,,,,,,,
5,192567,1878.553,520.478,471.075,173.893,0.686,255,1.105,0.905,0.897,,,,,,,,,,,,,,
5,137779,1573.724,442.654,396.305,105.283,0.699,255,1.117,0.895,0.898,,,,,,,,,,,,,,
5,166296,1734.109,467.676,452.738,60.542,0.695,255,1.033,0.968,0.895,,,,,,,,,,,,,,
5,171077,1877.849,467.889,465.542,94.604,0.61,255,1.005,0.995,0.837,,,,,,,,,,,,,,
5,151192,1627.783,470.854,408.84,148.815,0.717,255,1.152,0.868,0.919,,,,,,,,,,,,,,
5,157408,1652.83,464.156,431.79,61.708,0.724,255,1.075,0.93,0.919,,,,,,,,,,,,,,
5,155105,1788.837,471.248,419.07,39.142,0.609,255,1.125,0.889,0.843,,,,,,,,,,,,,,
5,165975,1834.327,488.898,432.249,67.748,0.62,255,1.131,0.884,0.853,,,,,,,,,,,,,,
5,126184,1680.185,432.878,371.15,130.015,0.562,255,1.166,0.857,0.809,,,,,,,,,,,,,,
5,133061,1761.315,437.28,387.438,43.885,0.539,255,1.129,0.886,0.798,,,,,,,,,,,,,,
5,163793,1975.589,477.745,436.525,5.163,0.527,255,1.094,0.914,0.78,,,,,,,,,,,,,,
5,127169,1630.227,412.728,392.308,84.571,0.601,255,1.052,0.951,0.838,,,,,,,,,,,,,,
5,140176,1846.896,428.934,416.096,10.652,0.516,255,1.031,0.97,0.774,,,,,,,,,,,,,,
5,143368,2016.601,433.515,421.074,110.249,0.443,255,1.03,0.971,0.712,,,,,,,,,,,,,,
5,118996,1744.896,424.752,356.704,154.064,0.491,255,1.191,0.84,0.752,,,,,,,,,,,,,,
5,126544,1786.494,413.108,390.021,78.96,0.498,255,1.059,0.944,0.763,,,,,,,,,,,,,,
5,136338,1875.388,431.418,402.373,36.314,0.487,255,1.072,0.933,0.752,,,,,,,,,,,,,,
5,140796,1952.778,450.382,398.033,72.474,0.464,255,1.132,0.884,0.736,,,,,,,,,,,,,,
5,116737,1752.469,421.77,352.405,112.154,0.478,255,1.197,0.836,0.752,,,,,,,,,,,,,,
5,121034,1819.707,415.2,371.159,46.726,0.459,255,1.119,0.894,0.731,,,,,,,,,,,,,,
5,139712,2139.797,443.76,400.863,12.119,0.383,255,1.107,0.903,0.67,,,,,,,,,,,,,,
5,112499,1702.972,389.004,368.218,92.917,0.487,255,1.056,0.947,0.75,,,,,,,,,,,,,,
5,125496,1945.263,404.815,394.715,118.36,0.417,255,1.026,0.975,0.697,,,,,,,,,,,,,,
5,132979,2098.726,421.687,401.516,148.271,0.379,255,1.05,0.952,0.661,,,,,,,,,,,,,,
5,109315,1817.145,396.958,350.627,166.526,0.416,255,1.132,0.883,0.694,,,,,,,,,,,,,,
5,109254,1913.79,380.143,365.932,51.162,0.375,255,1.039,0.963,0.665,,,,,,,,,,,,,,
5,114804,2039.43,404.522,361.347,33.682,0.347,255,1.119,0.893,0.639,,,,,,,,,,,,,,
5,130927,2018.234,420.048,396.863,60.818,0.404,255,1.058,0.945,0.686,,,,,,,,,,,,,,
5,101997,1863.447,384.975,337.338,132.732,0.369,255,1.141,0.876,0.661,,,,,,,,,,,,,,
5,104080,1972.275,387.779,341.738,28.737,0.336,255,1.135,0.881,0.632,,,,,,,,,,,,,,
5,140538,2133.537,462.913,386.549,2.604,0.388,255,1.198,0.835,0.673,,,,,,,,,,,,,,
5,92533,1870.151,356.072,330.879,93.414,0.332,255,1.076,0.929,0.623,,,,,,,,,,,,,,
5,107990,2101.028,383.071,358.934,136.141,0.307,255,1.067,0.937,0.603,,,,,,,,,,,,,,
5,111311,2291.68,385.487,367.654,115.851,0.266,255,1.049,0.954,0.555,,,,,,,,,,,,,,
5,104937,1867.79,378.782,352.736,165.628,0.378,255,1.074,0.931,0.665,,,,,,,,,,,,,,
5,114237,1873.606,391.664,371.367,69.054,0.409,255,1.055,0.948,0.69,,,,,,,,,,,,,,
5,115771,2022.619,393.543,374.557,109.447,0.356,255,1.051,0.952,0.642,,,,,,,,,,,,,,
5,122245,2099.128,414.786,375.247,36.878,0.349,255,1.105,0.905,0.642,,,,,,,,,,,,,,
5,94542,1940.476,366.483,328.459,122.764,0.316,255,1.116,0.896,0.614,,,,,,,,,,,,,,
5,98225,2027.773,391.384,319.543,32.074,0.3,255,1.225,0.816,0.596,,,,,,,,,,,,,,
5,106105,2401.177,391.091,345.437,3.249,0.231,255,1.132,0.883,0.514,,,,,,,,,,,,,,
5,84295,1962.109,340.924,314.814,100.902,0.275,255,1.083,0.923,0.57,,,,,,,,,,,,,,
5,107732,2107.329,377.59,363.274,7.16,0.305,255,1.039,0.962,0.598,,,,,,,,,,,,,,
5,112878,2277.721,388.186,370.237,46.96,0.273,255,1.048,0.954,0.562,,,,,,,,,,,,,,
5,88129,2025.731,361.5,310.4,168.987,0.27,255,1.165,0.859,0.561,,,,,,,,,,,,,,
5,97962,2035.974,367.802,339.12,40.666,0.297,255,1.085,0.922,0.595,,,,,,,,,,,,,,
5,97296,2195.412,362.623,341.625,33.148,0.254,255,1.061,0.942,0.541,,,,,,,,,,,,,,
5,95749,2335.211,373.556,326.354,44.835,0.221,255,1.145,0.874,0.506,,,,,,,,,,,,,,
5,87312,2010.702,351.878,315.931,121.154,0.271,255,1.114,0.898,0.567,,,,,,,,,,,,,,
5,86835,2136.702,366.138,301.968,55.655,0.239,255,1.213,0.825,0.528,,,,,,,,,,,,,,
5,104241,2457.319,395.005,336.005,162.707,0.217,255,1.176,0.851,0.501,,,,,,,,,,,,,,
5,74660,2083.991,333.206,285.289,94.543,0.216,255,1.168,0.856,0.504,,,,,,,,,,,,,,
5,90819,2283.832,342.743,337.379,65.562,0.219,255,1.016,0.984,0.507,,,,,,,,,,,,,,
5,91374,2466.934,348.513,333.821,126.963,0.189,255,1.044,0.958,0.456,,,,,,,,,,,,,,
5,87771,2038.459,353.873,315.801,160.636,0.265,255,1.121,0.892,0.557,,,,,,,,,,,,,,
5,79555,2234.768,345.131,293.49,50.627,0.2,255,1.176,0.85,0.485,,,,,,,,,,,,,,
5,88976,2288.082,345.393,327.997,38.481,0.214,255,1.053,0.95,0.496,,,,,,,,,,,,,,
5,95432,2329.721,372.957,325.796,64.473,0.221,255,1.145,0.874,0.504,,,,,,,,,,,,,,
5,138118,1579.717,471.829,372.714,123.242,0.696,255,1.266,0.79,0.92,,,,,,,,,,,,,,
5,143807,1661.072,476.227,384.482,31.272,0.655,255,1.239,0.807,0.882,,,,,,,,,,,,,,
5,196739,2017.932,521.975,479.901,5.345,0.607,255,1.088,0.919,0.868,,,,,,,,,,,,,,
5,131274,1582.871,474.213,352.465,93.883,0.658,255,1.345,0.743,0.888,,,,,,,,,,,,,,
5,160091,1805.038,455.077,447.911,111.138,0.617,255,1.016,0.984,0.864,,,,,,,,,,,,,,
5,189221,1983.932,501.068,480.82,69.576,0.604,255,1.042,0.96,0.838,,,,,,,,,,,,,,
5,151719,1631.665,460.277,419.692,12.623,0.716,255,1.097,0.912,0.923,,,,,,,,,,,,,,
5,152637,1679.835,479.669,405.162,49.287,0.68,255,1.184,0.845,0.902,,,,,,,,,,,,,,
5,155015,1887.163,466.729,422.882,171.631,0.547,255,1.104,0.906,0.811,,,,,,,,,,,,,,
5,173919,1980.192,503.365,439.92,63.137,0.557,255,1.144,0.874,0.813,,,,,,,,,,,,,,
5,129268,1619.509,463.877,354.812,127.183,0.619,255,1.307,0.765,0.87,,,,,,,,,,,,,,
5,126977,1723.09,449.373,359.773,57.196,0.537,255,1.249,0.801,0.817,,,,,,,,,,,,,,
5,186673,2018.05,530.462,448.061,6.667,0.576,255,1.184,0.845,0.846,,,,,,,,,,,,,,
5,103736,1746.587,368.237,358.684,120.836,0.427,255,1.027,0.974,0.721,,,,,,,,,,,,,,
5,147460,1885.364,451.416,415.917,93.804,0.521,255,1.085,0.921,0.802,,,,,,,,,,,,,,
5,160466,2155.998,496.363,411.617,91.13,0.434,255,1.206,0.829,0.718,,,,,,,,,,,,,,
5,115974,1718.109,428.455,344.64,8.063,0.494,255,1.243,0.804,0.762,,,,,,,,,,,,,,
5,128553,1774.043,436.857,374.674,42.192,0.513,255,1.166,0.858,0.786,,,,,,,,,,,,,,
5,142519,1943.991,451.248,402.131,28.447,0.474,255,1.122,0.891,0.755,,,,,,,,,,,,,,
5,156694,2008.057,473.008,421.788,49.544,0.488,255,1.121,0.892,0.76,,,,,,,,,,,,,,
5,117622,1694.001,468.443,319.699,109.224,0.515,255,1.465,0.682,0.801,,,,,,,,,,,,,,
5,114336,1779.707,429.546,338.909,44.237,0.454,255,1.267,0.789,0.747,,,,,,,,,,,,,,
5,133908,2258.775,448.43,380.209,8.878,0.33,255,1.179,0.848,0.628,,,,,,,,,,,,,,
5,109613,1648.185,395.849,352.568,94.56,0.507,255,1.123,0.891,0.773,,,,,,,,,,,,,,
5,124053,2013.104,408.055,387.078,130.836,0.385,255,1.054,0.949,0.69,,,,,,,,,,,,,,
5,137202,2292.491,436.555,400.158,154.673,0.328,255,1.091,0.917,0.621,,,,,,,,,,,,,,
5,102798,1834.04,408.409,320.479,170.173,0.384,255,1.274,0.785,0.684,,,,,,,,,,,,,,
5,98538,1982.074,372.274,337.017,53.379,0.315,255,1.105,0.905,0.616,,,,,,,,,,,,,,
5,107821,2228.023,416.104,329.922,32.115,0.273,255,1.261,0.793,0.577,,,,,,,,,,,,,,
5,138704,2184.182,442.985,398.667,58.499,0.365,255,1.111,0.9,0.675,,,,,,,,,,,,,,
5,92899,1857.53,388.617,304.368,117.155,0.338,255,1.277,0.783,0.649,,,,,,,,,,,,,,
5,107948,1861.741,408.698,336.297,35.049,0.391,255,1.215,0.823,0.709,,,,,,,,,,,,,,
5,123236,2315.822,420.774,372.906,164.742,0.289,255,1.128,0.886,0.579,,,,,,,,,,,,,,
5,83731,1870.972,387.649,275.016,86.016,0.301,255,1.41,0.709,0.604,,,,,,,,,,,,,,
5,126302,2007.003,451.916,355.846,151.104,0.394,255,1.27,0.787,0.695,,,,,,,,,,,,,,
5,108845,2519.253,388.042,357.141,108.024,0.216,255,1.087,0.92,0.494,,,,,,,,,,,,,,
5,114615,1759.949,411.743,354.426,157.021,0.465,255,1.162,0.861,0.755,,,,,,,,,,,,,,
5,115258,1884.459,402.149,364.917,30.59,0.408,255,1.102,0.907,0.708,,,,,,,,,,,,,,
5,140606,1986.619,446.101,401.311,26.386,0.448,255,1.112,0.9,0.741,,,,,,,,,,,,,,
5,112523,2305.277,438.812,326.492,58.081,0.266,255,1.344,0.744,0.555,,,,,,,,,,,,,,
5,108963,1776.327,451.036,307.594,115.64,0.434,255,1.466,0.682,0.752,,,,,,,,,,,,,,
5,104480,1887.405,395.741,336.149,46.475,0.369,255,1.177,0.849,0.68,,,,,,,,,,,,,,
5,138103,2269.364,449.697,391.015,4.969,0.337,255,1.15,0.87,0.643,,,,,,,,,,,,,,
5,91755,1821.18,388.121,301.004,77.936,0.348,255,1.289,0.776,0.654,,,,,,,,,,,,,,
5,111251,2116.608,380.761,372.016,56.759,0.312,255,1.024,0.977,0.62,,,,,,,,,,,,,,
5,120548,2416.165,417.873,367.304,67.536,0.259,255,1.138,0.879,0.544,,,,,,,,,,,,,,
5,106126,1818.435,400.142,337.689,161.863,0.403,255,1.185,0.844,0.7,,,,,,,,,,,,,,
5,95737,2023.589,363.037,335.768,49.784,0.294,255,1.081,0.925,0.593,,,,,,,,,,,,,,
5,106795,2210.584,387.274,351.11,77.327,0.275,255,1.103,0.907,0.57,,,,,,,,,,,,,,
5,115892,2291.17,421.793,349.836,56.802,0.277,255,1.206,0.829,0.569,,,,,,,,,,,,,,
5,96046,1881.246,417.15,293.155,119.502,0.341,255,1.423,0.703,0.66,,,,,,,,,,,,,,
5,75929,2077.253,359.345,269.034,37.323,0.221,255,1.336,0.749,0.506,,,,,,,,,,,,,,
5,106543,2475.652,412.328,328.997,171.907,0.218,255,1.253,0.798,0.501,,,,,,,,,,,,,,
5,79857,1928.393,339.096,299.848,127.724,0.27,255,1.131,0.884,0.572,,,,,,,,,,,,,,
5,96277,2251.596,366.819,334.18,135.634,0.239,255,1.098,0.911,0.539,,,,,,,,,,,,,,
5,107830,2569.912,384.69,356.894,140.185,0.205,255,1.078,0.928,0.487,,,,,,,,,,,,,,
5,83972,1994.234,337.357,316.924,168.691,0.265,255,1.064,0.939,0.559,,,,,,,,,,,,,,
5,85286,2182.601,378.545,286.86,65.403,0.225,255,1.32,0.758,0.532,,,,,,,,,,,,,,
5,109924,2202.033,378.564,369.712,130.318,0.285,255,1.024,0.977,0.586,,,,,,,,,,,,,,
5,102508,2456.952,380.718,342.819,47.605,0.213,255,1.111,0.9,0.503,,,,,,,,,,,,,,
5,145387,1699.357,495.205,373.81,103.381,0.633,255,1.325,0.755,0.886,,,,,,,,,,,,,,
5,115982,1653.232,445.512,331.468,36.948,0.533,255,1.344,0.744,0.8,,,,,,,,,,,,,,
5,203552,2048.251,576.236,449.765,171.093,0.61,255,1.281,0.781,0.882,,,,,,,,,,,,,,
5,120940,1585.197,472.76,325.716,106.402,0.605,255,1.451,0.689,0.862,,,,,,,,,,,,,,
5,171141,1871.582,484.416,449.827,51.852,0.614,255,1.077,0.929,0.882,,,,,,,,,,,,,,
5,178455,2198.224,482.599,470.817,38.246,0.464,255,1.025,0.976,0.734,,,,,,,,,,,,,,
5,156241,1648.05,542.797,366.495,150.805,0.723,255,1.481,0.675,0.946,,,,,,,,,,,,,,
5,166796,1683.817,513.928,413.231,66.381,0.739,255,1.244,0.804,0.93,,,,,,,,,,,,,,
5,151061,2068.636,515.387,373.189,38.939,0.444,255,1.381,0.724,0.745,,,,,,,,,,,,,,
5,171373,2119.114,560.048,389.608,70.046,0.48,255,1.437,0.696,0.755,,,,,,,,,,,,,,
5,156109,1598.729,527.614,376.723,123.576,0.768,255,1.401,0.714,0.956,,,,,,,,,,,,,,
5,173182,1666.379,524.952,420.043,45.231,0.784,255,1.25,0.8,0.956,,,,,,,,,,,,,,
5,182915,2173.412,568.053,409.988,5.056,0.487,255,1.386,0.722,0.798,,,,,,,,,,,,,,
5,135343,1604.074,460.716,374.036,112.536,0.661,255,1.232,0.812,0.876,,,,,,,,,,,,,,
5,153764,1814.428,491.517,398.314,14.822,0.587,255,1.234,0.81,0.834,,,,,,,,,,,,,,
5,194951,2162.702,518.48,478.744,27.608,0.524,255,1.083,0.923,0.78,,,,,,,,,,,,,,
5,124357,1711.935,461.947,342.759,151.844,0.533,255,1.348,0.742,0.823,,,,,,,,,,,,,,
5,154745,1907.748,476.405,413.572,72.813,0.534,255,1.152,0.868,0.842,,,,,,,,,,,,,,
5,196962,1846.955,540.918,463.619,38.287,0.726,255,1.167,0.857,0.932,,,,,,,,,,,,,,
5,168336,2151.783,553.909,386.945,62.143,0.457,255,1.431,0.699,0.748,,,,,,,,,,,,,,
5,133274,1558.563,492.658,344.437,120.823,0.689,255,1.43,0.699,0.941,,,,,,,,,,,,,,
5,136194,1690.889,492.718,351.941,31.606,0.599,255,1.4,0.714,0.856,,,,,,,,,,,,,,
5,207798,2183.672,542.537,487.666,9.768,0.548,255,1.113,0.899,0.83,,,,,,,,,,,,,,
5,140820,1590.937,442.189,405.477,77.531,0.699,255,1.091,0.917,0.924,,,,,,,,,,,,,,
5,161405,1864.209,458.698,448.023,126.585,0.584,255,1.024,0.977,0.859,,,,,,,,,,,,,,
5,201538,2107.371,522.512,491.101,74.54,0.57,255,1.064,0.94,0.815,,,,,,,,,,,,,,
5,154517,1702.31,476.683,412.721,24.795,0.67,255,1.155,0.866,0.912,,,,,,,,,,,,,,
5,154250,1697.325,506.605,387.674,47.786,0.673,255,1.307,0.765,0.9,,,,,,,,,,,,,,
5,155590,2023.489,479.671,412.999,172.879,0.478,255,1.161,0.861,0.778,,,,,,,,,,,,,,
5,182093,2139.121,529.21,438.102,62.815,0.5,255,1.208,0.828,0.776,,,,,,,,,,,,,,
5,109514,1738.972,463.356,300.929,127.84,0.455,255,1.54,0.649,0.785,,,,,,,,,,,,,,
5,123743,1657.131,492.028,320.214,26.191,0.566,255,1.537,0.651,0.833,,,,,,,,,,,,,,
5,170789,2128.459,547.5,397.179,1.894,0.474,255,1.378,0.725,0.768,,,,,,,,,,,,,,
5,102202,1677.825,453.848,286.721,95.006,0.456,255,1.583,0.632,0.739,,,,,,,,,,,,,,
5,143665,1876.209,467.869,390.964,174.151,0.513,255,1.197,0.836,0.787,,,,,,,,,,,,,,
5,161300,2366.397,477.192,430.379,151.206,0.362,255,1.109,0.902,0.666,,,,,,,,,,,,,,
5,126952,1716.369,461.028,350.608,166.896,0.542,255,1.315,0.76,0.839,,,,,,,,,,,,,,
5,133969,1821.7,505.826,337.22,60.706,0.507,255,1.5,0.667,0.819,,,,,,,,,,,,,,
5,144350,2026.133,461.221,398.491,38.615,0.442,255,1.157,0.864,0.739,,,,,,,,,,,,,,
5,153115,2264.903,494.899,393.923,50.739,0.375,255,1.256,0.796,0.697,,,,,,,,,,,,,,
5,129535,1619.367,497.622,331.434,126.127,0.621,255,1.501,0.666,0.896,,,,,,,,,,,,,,
5,123534,1765.266,461.829,340.577,57.527,0.498,255,1.356,0.737,0.806,,,,,,,,,,,,,,
5,206108,2097.599,566.986,462.842,6.25,0.589,255,1.225,0.816,0.873,,,,,,,,,,,,,,
5,94391,1838.06,355.098,338.448,72.566,0.351,255,1.049,0.953,0.654,,,,,,,,,,,,,,
5,153523,1947.648,465.552,419.87,93.68,0.509,255,1.109,0.902,0.813,,,,,,,,,,,,,,
5,171742,2341.336,535.65,408.231,91.725,0.394,255,1.312,0.762,0.696,,,,,,,,,,,,,,
5,108748,1754.577,436.44,317.254,10.91,0.444,255,1.376,0.727,0.732,,,,,,,,,,,,,,
5,127659,1836.972,457.605,355.199,40.085,0.475,255,1.288,0.776,0.785,,,,,,,,,,,,,,
5,148460,2022.677,471.719,400.715,27.954,0.456,255,1.177,0.849,0.756,,,,,,,,,,,,,,
5,167891,2106.626,500.862,426.795,50.825,0.475,255,1.174,0.852,0.76,,,,,,,,,,,,,,
5,119891,1698.362,515.482,296.13,107.448,0.522,255,1.741,0.574,0.831,,,,,,,,,,,,,,
5,106804,1794.293,444.977,305.605,41.352,0.417,255,1.456,0.687,0.749,,,,,,,,,,,,,,
5,129439,2454.716,486.187,338.978,14.081,0.27,255,1.434,0.697,0.593,,,,,,,,,,,,,,
5,103978,1626.386,399.646,331.265,96.052,0.494,255,1.206,0.829,0.764,,,,,,,,,,,,,,
5,136054,1938.084,447.232,387.337,123.504,0.455,255,1.155,0.866,0.75,,,,,,,,,,,,,,
5,138998,2483.454,433.456,408.295,170.352,0.283,255,1.062,0.942,0.575,,,,,,,,,,,,,,
5,122736,1682.889,437.853,356.906,172.993,0.545,255,1.227,0.815,0.827,,,,,,,,,,,,,,
5,87680,2063.346,365.925,305.083,54.422,0.259,255,1.199,0.834,0.561,,,,,,,,,,,,,,
5,101510,2416.39,428.62,301.541,31.151,0.218,255,1.421,0.704,0.521,,,,,,,,,,,,,,
5,147681,2349.177,468.43,401.412,56.044,0.336,255,1.167,0.857,0.67,,,,,,,,,,,,,,
